ИНН,Короткое название,Статус,Система налогообложения,Дата последней отчетности
1005013710,"МУП ПМР ""ВЫМПЕЛ""",,,
4518020236,"МКП ""ПРИТОБОЛЬЕ""",Действующая компания,Общая (ОСНО) Согласно данным ФНС за 2023 год,2024.0
1101164310,"ООО ""ПОДОРОВ""",Действующая компания,УСН Согласно данным ФНС за 2025 год,2023.0
1102079837,"ООО ""УК ""ИДЕАЛ""",Юридическое лицо находится в процессе реорганизации в форме присоединения к другому юридическому лицу,УСН Согласно данным ФНС за 2025 год,2024.0
1108019111,"ТСЖ ""ЮЖНЫЙ -6""",Действующая организация,Общая (ОСНО) Согласно данным ФНС за 2023 год,2024.0
1113008669,"ООО ""УКВАЗ""",Действующая компания,УСН Согласно данным ФНС за 2025 год,2023.0
1103015875,"ООО ""ВИС""",Действующая компания,УСН Согласно данным ФНС за 2025 год,2023.0
1103026267,ОО ВЕТЕРАНОВ ГОРОДА ВОРКУТЫ,Действующая организация,Общая (ОСНО) Согласно данным ФНС за 2023 год,2024.0
1615013422,"ООО ""РЕГИОН СЕРВИС""","Юридическое лицо ликвидировано 14 мая 2025 года
Исключение из ЕГРЮЛ юридического лица в связи наличием в ЕГРЮЛ сведений о нем, в отношении которых внесена запись о недостоверности",,2018.0
2124041437,"ООО ""РА ""КРУТОН""",Действующая компания,УСН Согласно данным ФНС за 2025 год,2024.0
1215174915,"ООО ""ДУ - 117""",Сведения недостоверны (результаты проверки достоверности содержащихся в ЕГРЮЛ сведений о юридическом лице),УСН Согласно данным ФНС за 2025 год,2017.0
1326189459,"ООО ПРОЕКТНЫЙ ИНСТИТУТ ""САРАНСКГРАЖДАНПРОЕКТ""",Действующая компания,УСН Согласно данным ФНС за 2025 год,2024.0
1323126362,"ООО ""РОСТАГРО""",Действующая компания,Общая (ОСНО) Согласно данным ФНС за 2023 год,2018.0
1326248369,"ООО ""ДОМ-УПРАВЛЕНИЯ  №23""",Действующая компания,УСН Согласно данным ФНС за 2025 год,2024.0
1435316146,"ООО ""СТРОЙМИР""","Юридическое лицо ликвидировано 8 апреля 2025 года
Исключение из ЕГРЮЛ юридического лица в связи наличием в ЕГРЮЛ сведений о нем, в отношении которых внесена запись о недостоверности",,2021.0
1434022760,"ООО ""КАРЕЛИЯ""",Действующая компания,УСН Согласно данным ФНС за 2025 год,2021.0
2543101774,"ООО ""УК КВАРТАЛ""",Действующая компания,УСН Согласно данным ФНС за 2025 год,2024.0
2703027433,"МУП ""СЛУЖБА ЗАКАЗЧИКА  №1""",Действующая компания,Общая (ОСНО) Согласно данным ФНС за 2023 год,2024.0
2703032151,"ПАК ""ВОЛОЧАЕВКА-2""",Действующая организация,Общая (ОСНО) Согласно данным ФНС за 2023 год,2024.0
2704026009,"ООО УК ""ДОМОЖИЛ""",Действующая компания,УСН Согласно данным ФНС за 2025 год,2024.0
2706022994,"ООО УО ""ЖИЛФОНД""",Действующая компания,УСН Согласно данным ФНС за 2025 год,2022.0
2721159954,"ООО ""НОВЫЕ ИНФОРМАЦИОННЫЕ РЕШЕНИЯ""",Действующая компания,УСН Согласно данным ФНС за 2025 год,2022.0
2721233206,"ООО ""УК ""АСИ-ЖКХ""",Действующая компания,УСН Согласно данным ФНС за 2025 год,2024.0
2723169193,"ООО ""ВЕРТИКАЛЬ""",Действующая компания,УСН Согласно данным ФНС за 2025 год,2022.0
2724156503,"ТСЖ ""ЖЕМЧУЖИНА""",Действующая организация,Общая (ОСНО) Согласно данным ФНС за 2023 год,2022.0
1435158620,"ООО ""СТ""",Действующая компания,Общая (ОСНО) Согласно данным ФНС за 2023 год,2024.0
1435277320,"ООО УК ""ЦВЕТКОВ""",Действующая компания,УСН Согласно данным ФНС за 2025 год,2024.0
1435295792,"ООО УК ""ЭРКЭЭНИ""",Действующая компания,УСН Согласно данным ФНС за 2025 год,2023.0
1435345595,"ООО ""УК ""ГАРАНТ ПЛЮС""",Действующая компания,УСН Согласно данным ФНС за 2025 год,2022.0
1435200462,"ООО ""САХАСТРОЙМОНТАЖ""",Сведения недостоверны (результаты проверки достоверности содержащихся в ЕГРЮЛ сведений о юридическом лице),Общая (ОСНО) Согласно данным ФНС за 2023 год,2020.0
1512019790,"ТСН ""ДОВЕРИЕ""",Действующая организация,Общая (ОСНО) Согласно данным ФНС за 2023 год,2022.0
1512019800,"ТСН ""ДОН""",Сведения недостоверны (результаты проверки достоверности содержащихся в ЕГРЮЛ сведений о юридическом лице),Общая (ОСНО) Согласно данным ФНС за 2023 год,2022.0
1514006588,"ТСЖ ""УЮТ В ДОМЕ""",Действующая организация,Общая (ОСНО) Согласно данным ФНС за 2023 год,2024.0
1514014074,"ТСЖ ""БИРАГЗАНГ""",Действующая организация,Общая (ОСНО) Согласно данным ФНС за 2023 год,
1660159529,"ООО ""ПРОФЛИДЕРСТРОЙ""",Действующая компания,Общая (ОСНО) Согласно данным ФНС за 2023 год,2024.0
6315652610,"ООО ""МАК""",Действующая компания,Общая (ОСНО) Согласно данным ФНС за 2023 год,2019.0
7806186924,"ООО ""АДА ЛОГИСТИК""","Юридическое лицо ликвидировано 28 марта 2025 года
Исключение из ЕГРЮЛ юридического лица в связи наличием в ЕГРЮЛ сведений о нем, в отношении которых внесена запись о недостоверности",,2019.0
1652025240,"ООО ""ЦЗИНЬ ФЭН""",Действующая компания,Общая (ОСНО) Согласно данным ФНС за 2023 год,2024.0
7610128967,"ООО ""АЛЬХЕНА""",Действующая компания,Общая (ОСНО) Согласно данным ФНС за 2023 год,2021.0
1616027393,"ООО ""КИДС КЛАБ""","Юридическое лицо ликвидировано 13 декабря 2024 года
Исключение из ЕГРЮЛ юридического лица в связи наличием в ЕГРЮЛ сведений о нем, в отношении которых внесена запись о недостоверности",,2018.0
1656009552,"ГСК ""ВЕРТОЛЁТЧИК""",Действующая организация,Общая (ОСНО) Согласно данным ФНС за 2023 год,2024.0
1657016760,"ООО ""СЕЗОН""",Действующая компания,УСН Согласно данным ФНС за 2025 год,2013.0
1661023601,"ООО ""ГАРАЖСЕРВИС""",Действующая компания,УСН Согласно данным ФНС за 2025 год,2024.0
1661007818,"ООО ""ПОЛИМЕР РЕСУРС""",Действующая компания,УСН Согласно данным ФНС за 2025 год,2024.0
1642005607,"ООО ""МЕГАСТРОЙ""",Действующая компания,Общая (ОСНО) Согласно данным ФНС за 2023 год,2024.0
1650394932,"ООО ""ТЕХНОПАРК""",Действующая компания,Общая (ОСНО) Согласно данным ФНС за 2023 год,2021.0
1655407159,"ООО ""ПСК РИАН""",Действующая компания,Общая (ОСНО) Согласно данным ФНС за 2023 год,2024.0
1713002764,"ООО ""ВОДОПРОВОДНО-КАНАЛИЗАЦИОННЫЕ СЕТИ""",Действующая компания,УСН Согласно данным ФНС за 2025 год,2023.0
1717010854,"ООО ""АТРИУМ""",Действующая компания,УСН Согласно данным ФНС за 2025 год,2022.0
1833053288,"ООО УК ""МЕГАПОЛИС""",Действующая компания,УСН Согласно данным ФНС за 2025 год,2024.0
1841017477,"ООО ""УК""ОКЕАНИЯ""",Действующая компания,УСН Согласно данным ФНС за 2025 год,2024.0
1103013074,"ООО ""ДАН""",Компания включена в реестр недобросовестных поставщиков,УСН Согласно данным ФНС за 2025 год,2023.0
1901097582,"ООО ""СПЕКТР""",Действующая компания,УСН Согласно данным ФНС за 2025 год,2021.0
1901130173,"ООО ""ВИТИЗИ""",Действующая компания,УСН Согласно данным ФНС за 2025 год,2021.0
2450009409,"ТСЖ ""ТЕКСТИЛЬЩИК""",Действующая организация,Общая (ОСНО) Согласно данным ФНС за 2023 год,2022.0
2450018788,"ООО ""ЖЭК""",Действующая компания,УСН Согласно данным ФНС за 2025 год,2024.0
2462202277,"ТСЖ ""ЧЕРЕМУШКИ-1""",Действующая организация,Общая (ОСНО) Согласно данным ФНС за 2023 год,2024.0
2463237628,"ООО ""ИННОСОФТ""",Сведения недостоверны (результаты проверки достоверности содержащихся в ЕГРЮЛ сведений о юридическом лице),УСН Согласно данным ФНС за 2025 год,2019.0
2465123538,"ООО ""УК-ДОМОВОЙ""",Сведения недостоверны (результаты проверки достоверности содержащихся в ЕГРЮЛ сведений о юридическом лице),УСН Согласно данным ФНС за 2025 год,2017.0
2465276090,"ООО ""УК ""КОВЧЕГ 29""",Действующая компания,УСН Согласно данным ФНС за 2025 год,2021.0
2465320462,"ООО УКЖФ ""АЛИСА""",Действующая компания,УСН Согласно данным ФНС за 2025 год,2022.0
6316088130,"ОАО ""347 ВОЕНПРОЕКТ""",Действующая компания,Общая (ОСНО) Согласно данным ФНС за 2023 год,2019.0
2119005680,"ООО ""АГРОФИРМА ""АСАМАТ""",Действующая компания,УСН Согласно данным ФНС за 2025 год,2016.0
2122002288,"ЖСК ""СНЕЖИНКА""",Действующая организация,Общая (ОСНО) Согласно данным ФНС за 2023 год,2023.0
2129021152,"ГСК ""ГРАЖДАНСКИЙ""",Действующая организация,Общая (ОСНО) Согласно данным ФНС за 2023 год,2024.0
2123018940,"ООО ""ЦЕНТР""",Действующая компания,УСН Согласно данным ФНС за 2025 год,2021.0
2125009147,"МУП ""ЧИСТАЯ ВОДА""",Действующая компания,Общая (ОСНО) Согласно данным ФНС за 2023 год,2024.0
2129050763,"ООО ""ГРАНИТ-АГРО""","Юридическое лицо ликвидировано 20 января 2025 года
Исключение из ЕГРЮЛ юридического лица в связи наличием в ЕГРЮЛ сведений о нем, в отношении которых внесена запись о недостоверности",,2021.0
2208017342,"ТСЖ ""ВОЗРОЖДЕНИЕ""",Сведения недостоверны (заявление физического лица о недостоверности сведений о нем),Общая (ОСНО) Согласно данным ФНС за 2023 год,2021.0
2222836135,"ООО УЖК ""ЛЕСНОЙ""",Действующая компания,УСН Согласно данным ФНС за 2025 год,
2206005140,"МУП ""ТЕПЛОРЕСУРС ЗМЕИНОГОРСКОГО РАЙОНА""",Действующая компания,Общая (ОСНО) Согласно данным ФНС за 2023 год,2024.0
2256007697,"ООО ""ЛОКТЕВСКИЙ КОММУНАЛЬЩИК""",Действующая компания,УСН Согласно данным ФНС за 2025 год,2022.0
2259007631,"МУП ""ТЕПЛОЭНЕРГОСНАБ"" ННР АК","Юридическое лицо ликвидировано 28 декабря 2024 года
Исключение из ЕГРЮЛ юридического лица в связи с невозможностью его ликвидации",,2022.0
2259007656,"МУП ""ТЕПЛОЦЕНТРАЛЬ"" ННР АК","Юридическое лицо ликвидировано 27 декабря 2024 года
Исключение из ЕГРЮЛ юридического лица в связи с невозможностью его ликвидации",,2022.0
2208015634,"ООО ""УПРАВЛЯЮЩАЯ КОМПАНИЯ ""ЖЭУ №1""",Действующая компания,УСН Согласно данным ФНС за 2025 год,2024.0
2221012463,ТЕПЛОВОЙ КООПЕРАТИВ №2А,Действующая организация,Общая (ОСНО) Согласно данным ФНС за 2023 год,2023.0
2225130549,"ООО УК ""ПРОСПЕКТ""",Действующая компания,УСН Согласно данным ФНС за 2025 год,2015.0
2209051610,"ООО ""ОКЕАН""",Действующая компания,УСН Согласно данным ФНС за 2025 год,2022.0
2302013730,"ДНТ ""ПОСЁЛОК ВОСХОД""",Действующая организация,Общая (ОСНО) Согласно данным ФНС за 2023 год,2024.0
2304066310,"ООО УК ""СТРОЙДОМ""",Действующая компания,УСН Согласно данным ФНС за 2025 год,2022.0
2309069347,"НЕКОММЕРЧЕСКОЕ САДОВОДЧЕСКОЕ ТОВАРИЩЕСТВО "" ЗАРЯ """,Действующая организация,Общая (ОСНО) Согласно данным ФНС за 2023 год,2024.0
2309076224,"СНТ "" РАДУГА """,Действующая организация,Общая (ОСНО) Согласно данным ФНС за 2023 год,2013.0
2311040465,"СНТ ""ДОРОЖНИК""",Действующая организация,Общая (ОСНО) Согласно данным ФНС за 2023 год,2024.0
2311215718,ФГУП ЖКК,Действующая компания,Общая (ОСНО) Согласно данным ФНС за 2023 год,2023.0
2311245141,"ООО УК ""НАДЁЖНАЯ""",Сведения недостоверны (результаты проверки достоверности содержащихся в ЕГРЮЛ сведений о юридическом лице),УСН Согласно данным ФНС за 2025 год,2022.0
2311208051,"ООО ""ТЭК""",Действующая компания,УСН Согласно данным ФНС за 2025 год,2024.0
2315135573,"ООО ""НОВ-ПРОЕКТ""",Действующая компания,Общая (ОСНО) Согласно данным ФНС за 2023 год,2020.0
2309081947,"НСТ ""ПЛАМЯ""",Действующая организация,Общая (ОСНО) Согласно данным ФНС за 2023 год,2024.0
2311118175,"ООО ""УКЭСК""",Действующая компания,УСН Согласно данным ФНС за 2025 год,2024.0
2311149840,"ЖСК ""МИРНЫЙ""",Действующая организация,Общая (ОСНО) Согласно данным ФНС за 2023 год,2024.0
2311177163,"ООО УО ""ЭТАЖИ""",Действующая компания,УСН Согласно данным ФНС за 2025 год,2022.0
2312104337,"""СНТ""",Сведения недостоверны (результаты проверки достоверности содержащихся в ЕГРЮЛ сведений о юридическом лице),Общая (ОСНО) Согласно данным ФНС за 2023 год,2021.0
2315998636,"ООО ""ЮГЖК""",Действующая компания,УСН Согласно данным ФНС за 2025 год,2023.0
2317015539,"СНТ ""РЫБАК""",Сведения недостоверны (заявление физического лица о недостоверности сведений о нем),Общая (ОСНО) Согласно данным ФНС за 2023 год,2024.0
2317076330,"ООО ""УК ""НОВЫЙ ВЕК""",Сведения недостоверны (результаты проверки достоверности содержащихся в ЕГРЮЛ сведений о юридическом лице),УСН Согласно данным ФНС за 2025 год,2022.0
2317076891,"ООО ""УК ""ВАШ ДОМ""",Действующая компания,УСН Согласно данным ФНС за 2025 год,2022.0
2317087043,"ООО ""УК ГАРАНТ-СЕРВИС""",Действующая компания,УСН Согласно данным ФНС за 2025 год,2021.0
2319039944,"ООО ""УК""РЭУ-17""",Действующая компания,УСН Согласно данным ФНС за 2025 год,2023.0
2319044197,"ООО ""УК ""ХОСТА""",Действующая компания,УСН Согласно данным ФНС за 2025 год,2023.0
2319059669,"ООО ""УК ""ЛИДЕР-СОЧИ""",Действующая компания,УСН Согласно данным ФНС за 2025 год,2024.0
2320039554,"ЖСК ""ВЕСНА""",Действующая организация,Общая (ОСНО) Согласно данным ФНС за 2023 год,2017.0
2320116142,"СНТ ""ЖЕЛЕЗНОДОРОЖНИК""",Действующая организация,Общая (ОСНО) Согласно данным ФНС за 2023 год,2021.0
2320118414,"СНТ ""ВИШНЕВЫЙ""",Сведения недостоверны (результаты проверки достоверности содержащихся в ЕГРЮЛ сведений о юридическом лице),Общая (ОСНО) Согласно данным ФНС за 2023 год,2020.0
2320125411,"ООО ""КАТЕРИНА ПЛЮС""",Действующая компания,УСН Согласно данным ФНС за 2025 год,2015.0
2320141212,"ООО ""УК""РЭО-10""",Действующая компания,УСН Согласно данным ФНС за 2025 год,2022.0
2320223962,"ООО УК ""ЖЕМЧУЖИНА""",Действующая компания,УСН Согласно данным ФНС за 2025 год,2021.0
2320227981,"ООО ""УК ГАРАНТ""",Сведения недостоверны (результаты проверки достоверности содержащихся в ЕГРЮЛ сведений о юридическом лице),УСН Согласно данным ФНС за 2025 год,2021.0
2320229259,"ООО ""ТЕХКОМФОРТ""",Действующая компания,УСН Согласно данным ФНС за 2025 год,2024.0
2320235936,"ООО ""УК ""СОЧИ""",Действующая компания,УСН Согласно данным ФНС за 2025 год,2018.0
2320240397,"ООО ""ТЕРИКОН""",Действующая компания,УСН Согласно данным ФНС за 2025 год,2018.0
2330016387,"СНТ ""ИВУШКА""",Сведения недостоверны (результаты проверки достоверности содержащихся в ЕГРЮЛ сведений о юридическом лице),,2021.0
2348028993,"ООО ""ЛЬВОВСКИЙ ВОДОКАНАЛ""",Сведения недостоверны (результаты проверки достоверности содержащихся в ЕГРЮЛ сведений о юридическом лице),УСН Согласно данным ФНС за 2025 год,2019.0
2311231445,"ООО ""АЛЬКОР-ЮГ""",Действующая компания,Общая (ОСНО) Согласно данным ФНС за 2023 год,
2310164475,"ООО УК ""ГОРОД""","Юридическое лицо ликвидировано 20 декабря 2024 года
Исключение из ЕГРЮЛ недействующего юридического лица",,2017.0
2315189025,"ООО ""АЛЫЕ ПАРУСА""",Действующая компания,УСН Согласно данным ФНС за 2025 год,2024.0
2320215440,ООО АРЕНДА.СС,Действующая компания,УСН Согласно данным ФНС за 2025 год,2021.0
2446009445,"ООО УК ""НОВЫЙ БЕРЕГ""",Сведения недостоверны (результаты проверки достоверности содержащихся в ЕГРЮЛ сведений о юридическом лице),УСН Согласно данным ФНС за 2025 год,2022.0
2463055106,"ТСЖ ""НАШ ДОМ-2022""",Действующая организация,Общая (ОСНО) Согласно данным ФНС за 2023 год,2020.0
1901143574,"ООО ""ПРОГРЕСС""",Действующая компания,УСН Согласно данным ФНС за 2025 год,
323403215975,,,,
7529012779,"ООО ""АКВАСТОКИ""",Действующая компания,УСН Согласно данным ФНС за 2025 год,2024.0
2443047643,"ООО ""ЗМК""",Действующая компания,Общая (ОСНО) Согласно данным ФНС за 2023 год,2020.0
2464148603,"ООО ""ППК""",Действующая компания,УСН Согласно данным ФНС за 2025 год,2022.0
2465345604,"ООО ""СИБМАСТЕР-СТРОЙ""",Действующая компания,УСН Согласно данным ФНС за 2025 год,
1901119860,"ООО ""ГРИНХАУС""","Юридическое лицо ликвидировано 2 апреля 2025 года
Исключение из ЕГРЮЛ юридического лица в связи наличием в ЕГРЮЛ сведений о нем, в отношении которых внесена запись о недостоверности",,2020.0
5401988789,"ООО ""ПОБЕДА""",Действующая компания,УСН Согласно данным ФНС за 2025 год,2021.0
2465186672,"ООО ""КАПИТАЛ""",Действующая компания,УСН Согласно данным ФНС за 2025 год,2019.0
2466082468,"ОАО ""ПГО - ФАРМА""",Действующая компания,Общая (ОСНО) Согласно данным ФНС за 2023 год,2020.0
2411004260,"ТСН ""ОТДЫХ""",Действующая организация,Общая (ОСНО) Согласно данным ФНС за 2023 год,2017.0
2411005200,"СНТ ""ПАЛАТИ""",Действующая организация,Общая (ОСНО) Согласно данным ФНС за 2023 год,2024.0
2433004619,"ООО ""САЯНЫ""",Действующая компания,УСН Согласно данным ФНС за 2025 год,2024.0
2448006440,"ООО ""СЭП""",Сведения недостоверны (заявление физического лица о недостоверности сведений о нем),УСН Согласно данным ФНС за 2025 год,2023.0
2508141703,"ООО ""СИАМАР""",Сведения недостоверны (результаты проверки достоверности содержащихся в ЕГРЮЛ сведений о юридическом лице),УСН Согласно данным ФНС за 2025 год,2023.0
2508111875,"ООО ""ПОЛЯНКА""",Действующая компания,УСН Согласно данным ФНС за 2025 год,2024.0
2502047060,"ООО ""ТЕКСТИЛЬНЫЙ ДОМ""",Действующая компания,Общая (ОСНО) Согласно данным ФНС за 2023 год,2017.0
2536286764,"ООО ""ЛОТОС ДВ""",Действующая компания,УСН Согласно данным ФНС за 2025 год,
2721181043,"ООО ""АЛЬПСТРОЙ-ДВ""",Действующая компания,УСН Согласно данным ФНС за 2025 год,2024.0
2502051958,"ООО ""СТРОЙВОСТОК""",Действующая компания,УСН Согласно данным ФНС за 2025 год,2024.0
2508110102,"ООО ""РЕГИОНРЕСУРС""",Действующая компания,Общая (ОСНО) Согласно данным ФНС за 2023 год,2021.0
2635224085,"ООО ""ЭЛИТ-СЕРВИС""",Сведения недостоверны (результаты проверки достоверности содержащихся в ЕГРЮЛ сведений о юридическом лице),УСН Согласно данным ФНС за 2025 год,2020.0
2630034690,"ООО ""ЖИЛСЕРВИС""",Действующая компания,УСН Согласно данным ФНС за 2025 год,2023.0
1501008186,"СНТ ""ТЕРЕК""",Действующая организация,Общая (ОСНО) Согласно данным ФНС за 2023 год,2024.0
1501021589,"СНТ ""НАУКА""",Действующая организация,Общая (ОСНО) Согласно данным ФНС за 2023 год,2022.0
1501032478,"СНТ ""ДРУЖБА""",Действующая организация,Общая (ОСНО) Согласно данным ФНС за 2023 год,2024.0
1501032654,"СНТ ""РЕДАНТ""",Действующая организация,Общая (ОСНО) Согласно данным ФНС за 2023 год,2024.0
1502017338,"САДОВОДЧЕСКОЕ ТОВАРИЩЕСТВО ""ВЕСНА""",Действующая организация,Общая (ОСНО) Согласно данным ФНС за 2023 год,
1503016168,"СНТСН ""ЛОКОМОТИВ""",Действующая организация,Общая (ОСНО) Согласно данным ФНС за 2023 год,2024.0
1510018279,"ООО ""АЛАНИЯДОРСТРОЙ""",Действующая компания,УСН Согласно данным ФНС за 2025 год,
1511004367,"ООО ""ТОРГОВЫЙ ЦЕНТР ""БЕСЛАН""",Действующая компания,УСН Согласно данным ФНС за 2025 год,2024.0
1511026843,"ТСЖ ""ЗМЕЙСКАЯ""",Действующая организация,Общая (ОСНО) Согласно данным ФНС за 2023 год,
1511026850,"ТСН ""ЭЛЬХОТОВО""",Действующая организация,Общая (ОСНО) Согласно данным ФНС за 2023 год,
1511027318,"ТСН ""ФАРН""",Действующая организация,Общая (ОСНО) Согласно данным ФНС за 2023 год,2020.0
1512018482,"ТСН ""ПОДХОЗНАЯ""",Действующая организация,Общая (ОСНО) Согласно данным ФНС за 2023 год,2022.0
1512019408,"ООО ""УПРАВЛЯЮЩАЯ КОМПАНИЯ ""КОММУНАЛЬНЫЕ УСЛУГИ""","Юридическое лицо ликвидировано 26 декабря 2024 года
Исключение из ЕГРЮЛ недействующего юридического лица",,2021.0
1512019768,"ТСН ""СТИМУЛ""",Действующая организация,Общая (ОСНО) Согласно данным ФНС за 2023 год,2022.0
1513040610,"ООО ""ВЛАДИКАВКАЗСКОЕ ДОМОУПРАВЛЕНИЕ""",Действующая компания,УСН Согласно данным ФНС за 2025 год,2024.0
1513047528,"ООО ""КОМФОРТ ЖКУ""",Действующая компания,УСН Согласно данным ФНС за 2025 год,2024.0
1513053095,"ООО ""НОВЫЙ ВЗГЛЯД""",Действующая компания,УСН Согласно данным ФНС за 2025 год,2023.0
1513053835,"ООО ""УЖК ""ЛИДЕР""",Действующая компания,УСН Согласно данным ФНС за 2025 год,2024.0
1513054050,"ООО ""АЛАН-7""",Действующая компания,УСН Согласно данным ФНС за 2025 год,2023.0
1513054490,"ООО ""УПРАВДОМ-ТТ""",Действующая компания,УСН Согласно данным ФНС за 2025 год,2020.0
1513056480,"ТСН ""БОРОДИНО""",Действующая организация,Общая (ОСНО) Согласно данным ФНС за 2023 год,2024.0
1513063022,"ООО ""ГАРАНТ-СЕРВИС""","Юридическое лицо ликвидировано 9 июня 2025 года
Прекращение деятельности юридического лица в связи с его ликвидацией на основании определения арбитражного суда о завершении конкурсного производства",,2022.0
1513068091,"ООО ""ЭКСПЕРТ ЖКХ""",Действующая компания,УСН Согласно данным ФНС за 2025 год,2024.0
1513068165,"ООО ""НОВЫЙ ГОРОД""",Действующая компания,УСН Согласно данным ФНС за 2025 год,2024.0
1513069313,"ООО ""ЖИЛИЩНАЯ ГАРАНТИЯ""",Действующая компания,УСН Согласно данным ФНС за 2025 год,2023.0
1513069578,"ООО ""ВЛАДУПРАВДОМ""","Юридическое лицо ликвидировано 17 февраля 2025 года
Исключение юридического лица из ЕГРЮЛ в связи с наличием оснований, предусмотренных статьей 21.3 Федерального закона от 08.08.2001
№ 129-ФЗ «О государственной регистрации юридических лиц и индивидуальных предпринимателей»",,2022.0
1513073888,"ТСН ""ЗАКАРПАТЬЕ""",Действующая организация,Общая (ОСНО) Согласно данным ФНС за 2023 год,2024.0
1513077530,"ООО ""ДОМ ТТ-2""",Действующая компания,УСН Согласно данным ФНС за 2025 год,2023.0
1513080035,"ООО ""БАРС""",Действующая компания,УСН Согласно данным ФНС за 2025 год,2024.0
1514014010,"ТСЖ ""ЦРАУ""",Действующая организация,Общая (ОСНО) Согласно данным ФНС за 2023 год,
2457086843,"ООО ""СТРОЙТЕХНОР""",Действующая компания,УСН Согласно данным ФНС за 2025 год,2021.0
1514017727,"ООО ""ГЭТК""",Действующая компания,УСН Согласно данным ФНС за 2025 год,2024.0
1516614581,"ООО "" ЭРА""",Действующая компания,УСН Согласно данным ФНС за 2025 год,2024.0
2632105932,"ООО ""СК-ЭНЕРГОСБЫТ""",,,
9715203510,"ООО ""ЗДУК""",Действующая компания,Общая (ОСНО) Согласно данным ФНС за 2023 год,
2635130630,"ООО ""СГУК""",Действующая компания,УСН Согласно данным ФНС за 2025 год,2024.0
2635237581,"ООО УК ""ЮЖНЫЙ ГОРОД""",Действующая компания,УСН Согласно данным ФНС за 2025 год,2024.0
2635828190,"ООО ""МУП ЛЮБИМЫЙ ГОРОД""",Действующая компания,Общая (ОСНО) Согласно данным ФНС за 2023 год,2024.0
2372028715,"ООО КФХ ""НАДЕЖДА""",Действующая компания,Общая (ОСНО) Согласно данным ФНС за 2023 год,2024.0
2614019046,"ООО СК ""ДОМИНВЕСТ""",Действующая компания,УСН Согласно данным ФНС за 2025 год,2024.0
2609024643,"ООО ""ЦСС""",Действующая компания,УСН Согласно данным ФНС за 2025 год,2021.0
2635087657,"ООО ""ССС""",Действующая компания,УСН Согласно данным ФНС за 2025 год,2023.0
2635208703,"ООО УК ""ПРОФИ""",Действующая компания,УСН Согласно данным ФНС за 2025 год,2024.0
2721116372,"ПЖСК ""СТРОИМ ВМЕСТЕ-ЖИЛЬЁ В РАССРОЧКУ""",Действующая организация,Общая (ОСНО) Согласно данным ФНС за 2023 год,2019.0
2724072028,"ООО ""БОЕ""",Действующая компания,УСН Согласно данным ФНС за 2025 год,2024.0
2721105902,"ООО ""ДАРЬЯЛ-ДВ""",Действующая компания,УСН Согласно данным ФНС за 2025 год,2024.0
2719000123,"АО ""ДТД""",Действующая компания,УСН Согласно данным ФНС за 2025 год,2024.0
2724237520,"ООО ""ТАЕЖНЫЙ КРАЙ""","Юридическое лицо ликвидировано 14 марта 2025 года
Исключение из ЕГРЮЛ юридического лица в связи наличием в ЕГРЮЛ сведений о нем, в отношении которых внесена запись о недостоверности",,2022.0
2724247084,"ООО ""ОСИАН""",Юридическое лицо находится в процессе реорганизации в форме выделения,УСН Согласно данным ФНС за 2025 год,2023.0
2704022847,"ООО ""ДОМ СЕРВИС""",Действующая компания,УСН Согласно данным ФНС за 2025 год,2022.0
2720061681,"ООО ""ЛИДЕР""",Действующая компания,Общая (ОСНО) Согласно данным ФНС за 2023 год,2022.0
2508083265,"ООО ""ТЕРРИТОРИЯ""",,,
2508083307,"ООО ""ВОСТОЧНЫЙ""",Сведения недостоверны (результаты проверки достоверности содержащихся в ЕГРЮЛ сведений о юридическом лице),УСН Согласно данным ФНС за 2025 год,2022.0
2511079879,"ООО ""МЕРИДИАН +""",Действующая компания,УСН Согласно данным ФНС за 2025 год,2024.0
2536282720,"ООО ""СКС""",Действующая компания,Общая (ОСНО) Согласно данным ФНС за 2023 год,2021.0
2543093650,"ТСН ""АЛЕКС ПАРК""",Сведения недостоверны (заявление физического лица о недостоверности сведений о нем),Общая (ОСНО) Согласно данным ФНС за 2023 год,2022.0
2703032507,"ООО ""УПРАВДОМ""",Действующая компания,Общая (ОСНО) Согласно данным ФНС за 2023 год,2022.0
2704021385,"ТСЖ ""РАССВЕТ""",Сведения недостоверны (результаты проверки достоверности содержащихся в ЕГРЮЛ сведений о юридическом лице),Общая (ОСНО) Согласно данным ФНС за 2023 год,2021.0
2704025485,"МКП ""БИМ""",Действующая компания,Общая (ОСНО) Согласно данным ФНС за 2023 год,2024.0
2705001416,"МУП ""МАСТЕР""",Действующая компания,Общая (ОСНО) Согласно данным ФНС за 2023 год,2024.0
2706033890,"ООО ""УК ""АЛЬФА""",Действующая компания,Общая (ОСНО) Согласно данным ФНС за 2023 год,2022.0
2721210209,"ООО ""УК ""ВОСХОД""",Действующая компания,УСН Согласно данным ФНС за 2025 год,2024.0
2721212206,"ООО ""УК ""ХАБАРОВСКАЯ""",Действующая компания,Общая (ОСНО) Согласно данным ФНС за 2023 год,2021.0
2721228284,"ООО ""ЭКСПРЕСС""",Действующая компания,УСН Согласно данным ФНС за 2025 год,2024.0
2722103866,"ООО УК ""КИРОВСКИЙ""",Действующая компания,УСН Согласно данным ФНС за 2025 год,2022.0
2724219288,"ТСН ""ЧЕРЁМУШКИ""",Сведения недостоверны (результаты проверки достоверности содержащихся в ЕГРЮЛ сведений о юридическом лице),Общая (ОСНО) Согласно данным ФНС за 2023 год,2022.0
2801142586,"ООО ""АДС""",Действующая компания,УСН Согласно данным ФНС за 2025 год,2021.0
2806009517,"ООО ""ВОДНЫЙ ИСТОК""",,,
2813011041,"ООО ""ВОДОКАНАЛ-8""",Действующая компания,УСН Согласно данным ФНС за 2025 год,
2813011281,"ООО ""ЧИСТАЯ ВОДА""",Сведения недостоверны (результаты проверки достоверности содержащихся в ЕГРЮЛ сведений о юридическом лице),УСН Согласно данным ФНС за 2025 год,
7902528169,"ООО ""УК""",Действующая компания,УСН Согласно данным ФНС за 2025 год,2024.0
7903529800,"ООО ""ЭКСПРЕСС СМИДОВИЧ""",Действующая компания,УСН Согласно данным ФНС за 2025 год,2024.0
7904504364,"МУП ""ТЕПЛОТЕХНИК"" МО ""ЛЕНИНСКИЙ МУНИЦИПАЛЬНЫЙ РАЙОН""",Действующая компания,Общая (ОСНО) Согласно данным ФНС за 2023 год,2024.0
7904506202,"ГП ЕАО ""ТЕПЛОВОДСНАБ""","Юридическое лицо ликвидировано 5 марта 2025 года
Прекращение деятельности юридического лица путем реорганизации в форме присоединения",,2023.0
2540273736,"ООО ""ТДА""",Действующая компания,Общая (ОСНО) Согласно данным ФНС за 2023 год,2024.0
2721209281,"ООО ""ТК ""СОЛНЦЕ""","Юридическое лицо ликвидировано 15 декабря 2020 года
Исключение из ЕГРЮЛ недействующего юридического лица",,2018.0
1323000391,"ООО ""АВТОМОБИЛЬНЫЕ ПЕРЕВОЗКИ""",Действующая компания,Общая (ОСНО) Согласно данным ФНС за 2023 год,2023.0
2901136025,"ООО ""ВИКАРТ""",Действующая компания,УСН Согласно данным ФНС за 2025 год,2023.0
2902078224,"ООО ""СЕВЕР СОФТ СТРОЙ""",Действующая компания,УСН Согласно данным ФНС за 2025 год,2022.0
2901134620,"ООО ""ОТДЕЛТРЕСТ""",Действующая компания,УСН Согласно данным ФНС за 2025 год,2022.0
2632088451,"ООО ИКЦ ""РЕГИОН-ГЕО""",Действующая компания,УСН Согласно данным ФНС за 2025 год,2023.0
300700758662,,,,
3015112866,"ООО ""УО ""КИРОВСКАЯ""",Действующая компания,УСН Согласно данным ФНС за 2025 год,2021.0
3126015554,"ООО ""ВОСТОК-УПРАВЛЯЮЩАЯ КОМПАНИЯ""",Действующая компания,УСН Согласно данным ФНС за 2025 год,2023.0
3128067124,"ООО ""ЭКОСЕРВИС""",Действующая компания,УСН Согласно данным ФНС за 2025 год,2023.0
3123447323,"ООО ""ФЕНИКС""",Действующая компания,УСН Согласно данным ФНС за 2025 год,2019.0
3257033300,"ООО ""УК ДРУЖБА""",Действующая компания,УСН Согласно данным ФНС за 2025 год,2022.0
3257037181,"ООО ""МИР""",Действующая компания,УСН Согласно данным ФНС за 2025 год,2023.0
3257055568,"ООО ""ТЕПЛОМАКС32""",Действующая компания,УСН Согласно данным ФНС за 2025 год,2024.0
3245010139,"ТСН ""ПУШКИНА""",Действующая организация,Общая (ОСНО) Согласно данным ФНС за 2023 год,2024.0
3245508414,"ООО ЖКХ ""НОВОСЕЛКИ""",Действующая компания,УСН Согласно данным ФНС за 2025 год,2019.0
3245509922,"ООО УК ""УПРАВДОМ ГЛИНИЩЕВО""",Действующая компания,УСН Согласно данным ФНС за 2025 год,2022.0
3252502124,"ООО ""ЖЭК СЕРВИС""",Действующая компания,УСН Согласно данным ФНС за 2025 год,2019.0
3257020188,"ООО ""УК ""ВОЛОДАРКА""",Действующая компания,УСН Согласно данным ФНС за 2025 год,2022.0
3257028797,"ООО УК ""ТРИУМФ""",Действующая компания,УСН Согласно данным ФНС за 2025 год,2024.0
3241012745,"ООО ""СТРОЙАЛЬЯНС""",Сведения недостоверны (результаты проверки достоверности содержащихся в ЕГРЮЛ сведений о юридическом лице),УСН Согласно данным ФНС за 2025 год,2020.0
3314005118,"ООО ""ЖИЛИЩНИК П. УРШЕЛЬСКИЙ""",Действующая компания,УСН Согласно данным ФНС за 2025 год,2024.0
3329084722,"ООО ""ИСР""",Сведения недостоверны (результаты проверки достоверности содержащихся в ЕГРЮЛ сведений о юридическом лице),Общая (ОСНО) Согласно данным ФНС за 2023 год,2023.0
4704045894,"САДОВОДСТВО ""ЦВЕТУЩИЙ МЫС""",Действующая организация,Общая (ОСНО) Согласно данным ФНС за 2023 год,2024.0
4704108103,"ООО ""РАЙОННОЕ ЖКХ""",Действующая компания,УСН Согласно данным ФНС за 2025 год,2024.0
4706010801,"СНТ ""СВЯЗИСТ""",Действующая организация,Общая (ОСНО) Согласно данным ФНС за 2023 год,2020.0
4714020176,"СНТ ""НОВОЕ КЕРНОВО""",Действующая организация,Общая (ОСНО) Согласно данным ФНС за 2023 год,2024.0
4716019296,"СНТ ""СОКОЛ-1"", МАССИВА ""НИКОЛЬСКОЕ""",Действующая организация,Общая (ОСНО) Согласно данным ФНС за 2023 год,
3435450603,"ГСК ""ВОЛГОСТАЛЬМОНТАЖ""",Действующая организация,Общая (ОСНО) Согласно данным ФНС за 2023 год,2013.0
3435303550,"ООО ""УЮТНЫЙ ДОМ""",Сведения недостоверны (результаты проверки достоверности содержащихся в ЕГРЮЛ сведений о юридическом лице),УСН Согласно данным ФНС за 2025 год,2020.0
3442082100,"ООО ""ФЛАГМАН""",Действующая компания,УСН Согласно данным ФНС за 2025 год,2024.0
3443927618,"ООО ""ЖЭУ 14""",Действующая компания,УСН Согласно данным ФНС за 2025 год,2024.0
3444216984,"ООО ""УК ""УЮТНЫЙ ГОРОД""",Действующая компания,УСН Согласно данным ФНС за 2025 год,2020.0
3460065404,"ООО УК ""УЮТНЫЙ ДОМ""",Действующая компания,УСН Согласно данным ФНС за 2025 год,2018.0
3460077456,"ТСН (Ж) ""ТРИ ДОМА""",Действующая организация,Общая (ОСНО) Согласно данным ФНС за 2023 год,2024.0
3435140538,"ООО ""УК КОНТУР""",Действующая компания,УСН Согласно данным ФНС за 2025 год,2024.0
3441041479,"ООО УК ""ПРЕОБРАЖЕНИЕ""",Действующая компания,УСН Согласно данным ФНС за 2025 год,2022.0
3446800377,"СНТ ""СПУТНИК"" ВЗКАФ",Действующая организация,Общая (ОСНО) Согласно данным ФНС за 2023 год,2022.0
3446801691,"СНТ ""ВЕТЕРАН""",Действующая организация,Общая (ОСНО) Согласно данным ФНС за 2023 год,2024.0
3461062950,"ООО ""УК ЖИЛИЩНЫЙ СТАНДАРТ """,Сведения недостоверны (результаты проверки достоверности содержащихся в ЕГРЮЛ сведений о юридическом лице),УСН Согласно данным ФНС за 2025 год,2022.0
3461063880,"ООО ""АЛЫЕ ПАРУСА""",Действующая компания,УСН Согласно данным ФНС за 2025 год,2023.0
6318039515,"ООО ""ЭЛЕКТРОСБЫТСЕРВИС""",Сведения недостоверны (результаты проверки достоверности содержащихся в ЕГРЮЛ сведений о юридическом лице),Общая (ОСНО) Согласно данным ФНС за 2023 год,2022.0
6161076918,"ООО ""ТЕКТОНИКА""",Действующая компания,УСН Согласно данным ФНС за 2025 год,2021.0
6161078320,"ООО ""СЗ ""ЮСК""","Юридическое лицо ликвидировано 1 апреля 2025 года
Исключение из ЕГРЮЛ юридического лица в связи наличием в ЕГРЮЛ сведений о нем, в отношении которых внесена запись о недостоверности",,2020.0
6165134504,"ТСЖ ""БЛАГОДАТНАЯ 13-15""",Сведения недостоверны (результаты проверки достоверности содержащихся в ЕГРЮЛ сведений о юридическом лице),Общая (ОСНО) Согласно данным ФНС за 2023 год,2021.0
6165195419,ООО <<ГАРАНТ-ЮГ>>,Действующая компания,УСН Согласно данным ФНС за 2025 год,2020.0
6168028617,"ТСЖ ""КОМФОРТ""",Действующая организация,Общая (ОСНО) Согласно данным ФНС за 2023 год,2024.0
3444261024,"ООО ""АСГ""",Действующая компания,УСН Согласно данным ФНС за 2025 год,2018.0
3527011155,"ООО ""ГОРТЕПЛОСЕТЬ ПЛЮС""",Действующая компания,УСН Согласно данным ФНС за 2025 год,2024.0
3507302477,"ООО ""РИА ГАЛА-АУТДОР""",Действующая компания,УСН Согласно данным ФНС за 2025 год,2022.0
3525344046,"ООО ""ИНТЕЛЛЕКТ СЕРВИС""",Действующая компания,УСН Согласно данным ФНС за 2025 год,2020.0
3526029424,"ООО ""ТАЛИМАН""",Действующая компания,УСН Согласно данным ФНС за 2025 год,2021.0
3525309588,"ООО ""УК ""СТРОЙТЕХНИК""",Действующая компания,УСН Согласно данным ФНС за 2025 год,2020.0
3528231347,"ООО ""СОЛО-СТРОЙ""",Действующая компания,УСН Согласно данным ФНС за 2025 год,2024.0
3661038753,"СНТСН ""НЕФТЯНИК-2""",Действующая организация,Общая (ОСНО) Согласно данным ФНС за 2023 год,2022.0
3663110959,"ООО ""УК ДЕЛЬФИН""",Действующая компания,УСН Согласно данным ФНС за 2025 год,2024.0
3662247037,"ООО ""КАНА""",Действующая компания,УСН Согласно данным ФНС за 2025 год,2022.0
3662207531,"ООО ""ГАРАНТ""",,,
3702126867,"ООО ""ЛЕСТОРГ""",Действующая компания,УСН Согласно данным ФНС за 2025 год,2024.0
3731026850,"ЖСК ""УЧИТЕЛЬ-2""",Действующая организация,Общая (ОСНО) Согласно данным ФНС за 2023 год,2020.0
3702123560,"ООО ""УК Г.О. ИВАНОВО ""ПРОГРЕСС""",Действующая компания,Общая (ОСНО) Согласно данным ФНС за 2023 год,2022.0
6670265853,"ООО ""ЭНЕРГОИНЖИНИРИНГ ГРУПП""",Действующая компания,Общая (ОСНО) Согласно данным ФНС за 2023 год,2024.0
3805733038,"МУП ""ТКУ""","Юридическое лицо ликвидировано 29 мая 2024 года
Исключение из ЕГРЮЛ юридического лица в связи наличием в ЕГРЮЛ сведений о нем, в отношении которых внесена запись о недостоверности",,2021.0
3805734070,"СНТ ""РОМАШКА""",Действующая организация,Общая (ОСНО) Согласно данным ФНС за 2023 год,
3808173553,"ДАЧНЫЙ ПОТРЕБИТЕЛЬСКИЙ КООПЕРАТИВ ""РОМАШКА""",Действующая организация,Общая (ОСНО) Согласно данным ФНС за 2023 год,2018.0
3810035127,"ЖСК ""СОТРУДНИК ОМОН""",Действующая организация,Общая (ОСНО) Согласно данным ФНС за 2023 год,2014.0
3816022124,"ООО ""ЗАПАДНЫЙ ФИЛИАЛ""",Действующая компания,Общая (ОСНО) Согласно данным ФНС за 2023 год,2022.0
3810072295,"ООО ""ДЕПОРТ""",Действующая компания,Общая (ОСНО) Согласно данным ФНС за 2023 год,2020.0
2465318520,"ООО ""ВЕКТОР""",Действующая компания,Общая (ОСНО) Согласно данным ФНС за 2023 год,2024.0
4205273158,"ООО ТПК ""ВЕРТЕКС""",Действующая компания,Общая (ОСНО) Согласно данным ФНС за 2023 год,2021.0
3805734401,"ООО ""МАРАНТА""",Действующая компания,Общая (ОСНО) Согласно данным ФНС за 2023 год,2020.0
6163214708,"ООО ""ЕВРОСТРОЙ""",Действующая компания,Общая (ОСНО) Согласно данным ФНС за 2023 год,2020.0
3666249116,"ООО ""ФРЕШ ДЕКОР""","Юридическое лицо ликвидировано 23 апреля 2025 года
Исключение из ЕГРЮЛ недействующего юридического лица",,2021.0
3906985962,"ООО ""КОМЕТА""",Действующая компания,УСН Согласно данным ФНС за 2025 год,2022.0
3906358680,"ООО ""ТОРГПЛЮС""",Действующая компания,УСН Согласно данным ФНС за 2025 год,2024.0
3906283515,"ООО ""УК РЕМИКС""",,,
3906288506,"ООО ""УК ""ПЕРСПЕКТИВА""",Действующая компания,УСН Согласно данным ФНС за 2025 год,2024.0
3906377080,"ТСН СНТ ""ВЕСНА-1""",Действующая организация,Общая (ОСНО) Согласно данным ФНС за 2023 год,2024.0
3906960573,"ООО ""УК 25 ОСТРОВ""",Действующая компания,УСН Согласно данным ФНС за 2025 год,2024.0
3906995368,"ООО ""УК НОВА""",Действующая компания,УСН Согласно данным ФНС за 2025 год,2023.0
3909001053,"НГМУП""ТЕПЛОСЕТЬ""",Действующая компания,Общая (ОСНО) Согласно данным ФНС за 2023 год,2024.0
3912502860,"ООО ""УК ЦЖУ""",,,
3913004709,"НСТ ""РЫБАК""",Действующая организация,Общая (ОСНО) Согласно данным ФНС за 2023 год,2023.0
3913006093,"ТСН ""СНТ ВЕСНА-СВЕТЛЫЙ""",Действующая организация,Общая (ОСНО) Согласно данным ФНС за 2023 год,2024.0
3915006589,"МКП ""КС Г. БАГРАТИОНОВСКА""",Действующая компания,Общая (ОСНО) Согласно данным ФНС за 2023 год,2024.0
3915007800,"МУП "" ЧИСТОТА""","Юридическое лицо ликвидировано 19 ноября 2024 года
Прекращение деятельности юридического лица путем реорганизации в форме преобразования",,2023.0
3915011814,"МУП ""КС""",,,
3917041250,"ООО ""ЗЕЛВОДОДОБЫЧА""","Юридическое лицо ликвидировано 14 февраля 2025 года
Исключение из ЕГРЮЛ юридического лица в связи наличием в ЕГРЮЛ сведений о нем, в отношении которых внесена запись о недостоверности",,2018.0
3917508827,"ООО ""УЮТ-СЕРВИС""",Сведения недостоверны (результаты проверки достоверности содержащихся в ЕГРЮЛ сведений о юридическом лице),УСН Согласно данным ФНС за 2025 год,2020.0
3924801030,"МУП ""ЖКС СЛАВСКОГО РАЙОНА""",,,
4024008863,"ООО ""БЫТОВЫЕ УСЛУГИ""","Юридическое лицо ликвидировано 8 апреля 2025 года
Исключение из ЕГРЮЛ юридического лица в связи наличием в ЕГРЮЛ сведений о нем, в отношении которых внесена запись о недостоверности",,2022.0
4007002195,"НОПК-""РОДНИКИ""",Действующая организация,Общая (ОСНО) Согласно данным ФНС за 2023 год,
4027140186,"ООО ""УК ГОРИЗОНТ""",Действующая компания,УСН Согласно данным ФНС за 2025 год,
4101127829,"ООО ""ЭНЕРГОРЕСУРС-М""",,,
4101150360,"ООО УК ""ЮЖНЫЙ РАЙОН""",Действующая компания,УСН Согласно данным ФНС за 2025 год,2024.0
4101171779,"ТСН ""КВАРТАЛ""",Действующая организация,Общая (ОСНО) Согласно данным ФНС за 2023 год,2021.0
4101179344,"ООО ""ТЕРРИТОРИЯ КОМФОРТА""",Действующая компания,УСН Согласно данным ФНС за 2025 год,2022.0
4101160047,"ООО ""ИМПЕРИЯ""",Действующая компания,УСН Согласно данным ФНС за 2025 год,2024.0
4105019990,"СНТ ""МЕЛИОРАТОР-1""",Действующая организация,Общая (ОСНО) Согласно данным ФНС за 2023 год,2024.0
4105034580,"ООО ""ОМЕГА""",,,
4105036876,"ТСН ""УЮТ""",Действующая организация,Общая (ОСНО) Согласно данным ФНС за 2023 год,2024.0
4105038538,"ТСН ""ШКОЛЬНАЯ 1Б""",Действующая организация,Общая (ОСНО) Согласно данным ФНС за 2023 год,2024.0
4105038873,"ТСЖ ""КРАСНОЯРСКАЯ 5 А""",Действующая организация,Общая (ОСНО) Согласно данным ФНС за 2023 год,2024.0
4105040216,"ООО ""АТЛАНТ""",Действующая компания,УСН Согласно данным ФНС за 2025 год,2024.0
4105041280,"ТСН ""ДАЛЬНЕВОСТОЧНАЯ 10А""",Действующая организация,Общая (ОСНО) Согласно данным ФНС за 2023 год,2024.0
4105041379,"ТСН ""ШКОЛЬНАЯ 5/1""",Действующая организация,Общая (ОСНО) Согласно данным ФНС за 2023 год,2024.0
4105041428,"ТСН ""ШКОЛЬНАЯ 13""",Действующая организация,Общая (ОСНО) Согласно данным ФНС за 2023 год,2024.0
4105041770,"ООО ""АЛЬФА""",Действующая компания,УСН Согласно данным ФНС за 2025 год,2024.0
4105042044,"ТСН ""КРАШЕНИННИКОВА 2""",Действующая организация,Общая (ОСНО) Согласно данным ФНС за 2023 год,2024.0
4105042100,"ТСН""ВАТУТИНА 4""",Действующая организация,Общая (ОСНО) Согласно данным ФНС за 2023 год,2024.0
4105043986,"ООО ""ЗАВОЙКО""",Действующая компания,УСН Согласно данным ФНС за 2025 год,2024.0
4105044002,"ООО ""ЕЛКАМ""",Действующая компания,УСН Согласно данным ФНС за 2025 год,2020.0
4105044620,"МУП ""НИКОЛАЕВСКОЕ БЛАГОУСТРОЙСТВО""",Действующая компания,Общая (ОСНО) Согласно данным ФНС за 2023 год,2024.0
4105046313,"ООО ""ПРАЙД-ЛТД""",Действующая компания,УСН Согласно данным ФНС за 2025 год,2021.0
4105086852,"ООО УК ""ЭКОНОМ ЖКХ""","Юридическое лицо ликвидировано 28 марта 2025 года
Исключение из ЕГРЮЛ юридического лица в связи наличием в ЕГРЮЛ сведений о нем, в отношении которых внесена запись о недостоверности",,2022.0
4101177523,"ООО УК ""ВЕКТОР""",Действующая компания,УСН Согласно данным ФНС за 2025 год,2024.0
5405418966,"ООО ""АДЛ ГРУПП""",Действующая компания,Общая (ОСНО) Согласно данным ФНС за 2023 год,2018.0
7203472347,"ООО ""ГИОКС""",Действующая компания,УСН Согласно данным ФНС за 2025 год,2021.0
4206029586,"ООО ""ТРАНКСИБСТРОЙ""",Действующая компания,УСН Согласно данным ФНС за 2025 год,2020.0
4205317831,"ООО ""НОРД42""",Действующая компания,Общая (ОСНО) Согласно данным ФНС за 2023 год,2020.0
4205299413,"ООО ""ОБК-СТРОЙ""",Действующая компания,Общая (ОСНО) Согласно данным ФНС за 2023 год,2024.0
4217997116,"ПОУ ""НОВОКУЗНЕЦКАЯ ОТШ"" РО ДОСААФ РОССИИ КО",Действующая организация,Общая (ОСНО) Согласно данным ФНС за 2023 год,2024.0
4205334594,"ООО ""СИБТРЕЙД ЛОГИСТИК""",Действующая компания,Общая (ОСНО) Согласно данным ФНС за 2023 год,2023.0
4228010941,"ООО ""ЖИЛКОМСЕРВИС""",Действующая компания,УСН Согласно данным ФНС за 2025 год,2024.0
2130197954,"ООО ""МАКСИМАЛ""",Действующая компания,Общая (ОСНО) Согласно данным ФНС за 2023 год,2022.0
4345080710,"""АВТОМОБИЛИСТ-157""",Действующая организация,Общая (ОСНО) Согласно данным ФНС за 2023 год,2014.0
4401183662,"ООО ""УК""КОМФОРТНЫЙ ДОМ""",Действующая компания,УСН Согласно данным ФНС за 2025 год,2023.0
4401196622,"ООО ""ОРИОН""",Сведения недостоверны (результаты проверки достоверности содержащихся в ЕГРЮЛ сведений о юридическом лице),УСН Согласно данным ФНС за 2025 год,2022.0
4413002840,"ООО ""УНЖА-ЛЕС""",Действующая компания,УСН Согласно данным ФНС за 2025 год,2017.0
1434024743,"ООО ""УПЦ ИНФРА""",Сведения недостоверны (результаты проверки достоверности содержащихся в ЕГРЮЛ сведений о юридическом лице),Общая (ОСНО) Согласно данным ФНС за 2023 год,2024.0
6686095340,"ООО ""МЕДТЕХНИКА""",Действующая компания,УСН Согласно данным ФНС за 2025 год,2024.0
4501056971,"ТСЖ ""БУЛЬВАР СОЛНЕЧНЫЙ, 3""",Действующая организация,Общая (ОСНО) Согласно данным ФНС за 2023 год,2024.0
4501082964,"ЖСК ""КУРГАНСКОГО ЗАВОДА ЖБИ-3""",Действующая организация,Общая (ОСНО) Согласно данным ФНС за 2023 год,2024.0
4501111291,"ТСЖ ""НАДЕЖДА""",Сведения недостоверны (результаты проверки достоверности содержащихся в ЕГРЮЛ сведений о юридическом лице),Общая (ОСНО) Согласно данным ФНС за 2023 год,2018.0
4502018785,"""ДОМОУПРАВЛЕНИЕ ПО ПЕРВОМАЙСКОЙ ПЯТЬ""",Действующая организация,Общая (ОСНО) Согласно данным ФНС за 2023 год,2021.0
4704103433,"ООО ""УО ""ОТВЕТСТВЕННОСТЬ""",Действующая компания,УСН Согласно данным ФНС за 2025 год,2024.0
7806449115,"ООО ""ПСК""",Действующая компания,Общая (ОСНО) Согласно данным ФНС за 2023 год,2024.0
4707035728,"ООО ""КИНГФОРТНОКС""",Действующая компания,УСН Согласно данным ФНС за 2025 год,2015.0
1659215088,"ООО ""ОЙЛКОНТИНЕНТ""",Действующая компания,Общая (ОСНО) Согласно данным ФНС за 2023 год,2023.0
5047136510,"ООО ""ТЕРРИТОРИЯ КОМФОРТА - КЛЯЗЬМА""",Действующая компания,Общая (ОСНО) Согласно данным ФНС за 2023 год,2021.0
2372026210,"ООО ""СТРОЙ-ЭКСПЕРТ""","Юридическое лицо ликвидировано 6 сентября 2024 года
Исключение из ЕГРЮЛ юридического лица в связи наличием в ЕГРЮЛ сведений о нем, в отношении которых внесена запись о недостоверности",,2020.0
5105009426,"ООО ""ЖЭУ ""ТУЛОМА""",Действующая компания,УСН Согласно данным ФНС за 2025 год,2024.0
5105012309,"ООО ""КОЛА ЖКХ""",Действующая компания,УСН Согласно данным ФНС за 2025 год,2024.0
5190058140,"ООО ""ТОРГПРОФИ""","Юридическое лицо ликвидировано 27 апреля 2024 года
Исключение из ЕГРЮЛ юридического лица в связи наличием в ЕГРЮЛ сведений о нем, в отношении которых внесена запись о недостоверности",,2021.0
5190140482,"ООО ""ДИАЛОГ""",Действующая компания,УСН Согласно данным ФНС за 2025 год,2022.0
5190018330,"ООО ""УК ""НЕДВИЖИМОСТЬ-СЕРВИС""",Действующая компания,Общая (ОСНО) Согласно данным ФНС за 2023 год,2016.0
5190021767,"ТСЖ ""ТАКТИКА""",Сведения недостоверны (результаты проверки достоверности содержащихся в ЕГРЮЛ сведений о юридическом лице),Общая (ОСНО) Согласно данным ФНС за 2023 год,2022.0
5190042407,"ООО УК""ТЕХДОМ""","Юридическое лицо ликвидировано 22 мая 2023 года
Прекращение деятельности юридического лица путем реорганизации в форме присоединения",,2022.0
5190916221,"ТСЖ ""ВОСТОЧНЫЙ""",Сведения недостоверны (заявление физического лица о недостоверности сведений о нем),Общая (ОСНО) Согласно данным ФНС за 2023 год,2021.0
5190916969,"ТСЖ ""СЕВЕРНЫЙ ПРОЕЗД""",Действующая организация,Общая (ОСНО) Согласно данным ФНС за 2023 год,2024.0
5190935129,"ООО ""СЕВЖИЛТРЕСТ""","Юридическое лицо ликвидировано 17 января 2025 года
Исключение из ЕГРЮЛ юридического лица в связи наличием в ЕГРЮЛ сведений о нем, в отношении которых внесена запись о недостоверности",,2020.0
5190144913,"ООО ""УК СЕВЖИЛКОММ""",Действующая компания,Общая (ОСНО) Согласно данным ФНС за 2023 год,2024.0
5190041770,"ООО ""ВАРИАНТ""",Действующая компания,УСН Согласно данным ФНС за 2025 год,
5105096429,"ООО УК ""ТЕПЛО СЕВЕРА""",Сведения недостоверны (результаты проверки достоверности содержащихся в ЕГРЮЛ сведений о юридическом лице),УСН Согласно данным ФНС за 2025 год,2021.0
3913006270,"ООО ""АРКТИК КОРСАР""",Действующая компания,Общая (ОСНО) Согласно данным ФНС за 2023 год,
5105010414,"ООО ""ЖЭУ""",Действующая компания,УСН Согласно данным ФНС за 2025 год,2024.0
5190046828,"ООО ""УК ""АЛЬБАТРОС""",Действующая компания,Общая (ОСНО) Согласно данным ФНС за 2023 год,2024.0
5190069536,"ООО УК ""МУРМАНТЕХСЕРВИС""",Действующая компания,УСН Согласно данным ФНС за 2025 год,2018.0
5214011834,"МУП""ЮГАНЕЦКОЕ""",,,
5259113233,"ООО ""ГК ""АСМ""",Действующая компания,Общая (ОСНО) Согласно данным ФНС за 2023 год,2022.0
5260442955,"ООО ""ЭС СИ ДЖИ ТРЕЙД""",Действующая компания,УСН Согласно данным ФНС за 2025 год,2024.0
5260424642,"ООО ""ПО""ТЕХНОГРАД""",Действующая компания,Общая (ОСНО) Согласно данным ФНС за 2023 год,2021.0
5258096680,"ООО ""ДУК ""ЗАРЕЧЬЕ""",Действующая компания,УСН Согласно данным ФНС за 2025 год,2024.0
5257139370,"ТСЖ ""ГОРДЕЕВКА""",Действующая организация,Общая (ОСНО) Согласно данным ФНС за 2023 год,2024.0
5259091886,"ТСЖ ""БЕРЕЗОВСКАЯ 106, 108""",Действующая организация,Общая (ОСНО) Согласно данным ФНС за 2023 год,2024.0
5262246272,"ТСЖ ""СВОЙ ДОМ""",Действующая организация,Общая (ОСНО) Согласно данным ФНС за 2023 год,2024.0
5263086720,"ООО ""ДКС""",Действующая компания,УСН Согласно данным ФНС за 2025 год,2021.0
5256195020,"ООО ""ЗОЛОТОЙ ЛЕС НН""","Юридическое лицо ликвидировано 21 февраля 2025 года
Исключение из ЕГРЮЛ юридического лица в связи наличием в ЕГРЮЛ сведений о нем, в отношении которых внесена запись о недостоверности",,
5235006592,"ООО ""УРЕНСКОЕ ЖКХ""",Действующая компания,УСН Согласно данным ФНС за 2025 год,2021.0
5249111332,"ООО ТД ""ЦВЕТ""",Действующая компания,Общая (ОСНО) Согласно данным ФНС за 2023 год,2019.0
3311001852,"ОАО ""БМЗ""",,,
5257206531,"ООО ""СК КАПИТАЛСТРОЙИНВЕСТ""",Действующая компания,Общая (ОСНО) Согласно данным ФНС за 2023 год,2024.0
5260409595,"ООО ""УК ""СВЕТ И ТЕПЛО""",Действующая компания,УСН Согласно данным ФНС за 2025 год,2020.0
5402579644,"ООО ""СИБМЕКС СЕТИ""",Действующая компания,Общая (ОСНО) Согласно данным ФНС за 2023 год,2023.0
5405327099,"ГСК ""ГАРАЖ""",Действующая организация,Общая (ОСНО) Согласно данным ФНС за 2023 год,2021.0
7017491624,"ООО ""МСЕРВИС""",Сведения недостоверны (результаты проверки достоверности содержащихся в ЕГРЮЛ сведений о юридическом лице),Общая (ОСНО) Согласно данным ФНС за 2023 год,2023.0
7014045068,"МУП БСП ""ОРИОН""",Действующая компания,Общая (ОСНО) Согласно данным ФНС за 2023 год,2024.0
1215203482,"ООО ""КОМЕТА 2016""",Действующая компания,УСН Согласно данным ФНС за 2025 год,2023.0
5503253800,"ООО ""АКД""",Действующая компания,УСН Согласно данным ФНС за 2025 год,2024.0
5507275450,"ООО ""БАЗИС КА""",Действующая компания,Общая (ОСНО) Согласно данным ФНС за 2023 год,2024.0
3849021687,"ООО ""КАДУЦЕЙ""",Действующая компания,Общая (ОСНО) Согласно данным ФНС за 2023 год,2023.0
7453278913,"ООО ""ПП УРАЛПОЛИМЕТ""",Действующая компания,Общая (ОСНО) Согласно данным ФНС за 2023 год,2024.0
7203526289,"ООО ""СТРОИТЕЛЬНАЯ МОНТАЖНАЯ КОМПАНИЯ""",Действующая компания,Общая (ОСНО) Согласно данным ФНС за 2023 год,2023.0
5611025181,"ООО ""ЯШМА""",Действующая компания,УСН Согласно данным ФНС за 2025 год,2019.0
1838006813,"ООО ""ГУК В ЖКХ Г.САРАПУЛА""",Юридическим лицом принято решение об изменении места нахождения,Общая (ОСНО) Согласно данным ФНС за 2023 год,2024.0
3702176071,"ООО ""ТЕХНОСЕТЬ""",Действующая компания,Общая (ОСНО) Согласно данным ФНС за 2023 год,2021.0
3702192355,"ООО ""ЭКОСТОК""",Сведения недостоверны (результаты проверки достоверности содержащихся в ЕГРЮЛ сведений о юридическом лице),УСН Согласно данным ФНС за 2025 год,2021.0
3704006100,"ООО УК ""КОМФОРТ- СЕРВИС""",Действующая компания,УСН Согласно данным ФНС за 2025 год,2024.0
3706029053,"ООО ""ОСК""",,,
4303006432,"ООО ""КИРСИНСКАЯ УПРАВЛЯЮЩАЯ КОМПАНИЯ""",,,
4324050320,"ООО ""ВОДОКАНАЛ""",Действующая компания,УСН Согласно данным ФНС за 2025 год,2022.0
4345496348,"ООО ""ЖКХ Г. КИРОВА""",Действующая компания,УСН Согласно данным ФНС за 2025 год,2024.0
5614041865,"ООО ""КАРЬЕРА""",Действующая компания,УСН Согласно данным ФНС за 2025 год,2023.0
6604013003,"ООО ""СВЕТ""",Действующая компания,Общая (ОСНО) Согласно данным ФНС за 2023 год,2020.0
6685078006,"ООО УК ЖКХ ""СЫСЕРТЬ""",Действующая компания,УСН Согласно данным ФНС за 2025 год,2024.0
4633023330,"ООО ""УНИСТРОЙ""",Действующая компания,Общая (ОСНО) Согласно данным ФНС за 2023 год,2018.0
1650390800,"ООО ""ОРЕГИНАЛ""","Юридическое лицо ликвидировано 5 июля 2024 года
Исключение из ЕГРЮЛ юридического лица в связи наличием в ЕГРЮЛ сведений о нем, в отношении которых внесена запись о недостоверности",,2021.0
5817007073,"ООО ""РЕСУРС""",Сведения недостоверны (результаты проверки достоверности содержащихся в ЕГРЮЛ сведений о юридическом лице),УСН Согласно данным ФНС за 2025 год,2023.0
5837070362,"ООО ""ПАРТНЕР""",Действующая компания,УСН Согласно данным ФНС за 2025 год,2022.0
5835101551,"ООО ""УК ""КОМФОРТ""",Действующая компания,УСН Согласно данным ФНС за 2025 год,2014.0
6325059470,"ООО ""СТРОЙ-С""",Действующая компания,Общая (ОСНО) Согласно данным ФНС за 2023 год,2020.0
1827021094,"ТСЖ ""ДУБРОВСКАЯ, 61""",Действующая организация,Общая (ОСНО) Согласно данным ФНС за 2023 год,2020.0
6027145149,"ООО ""ЦСР""",Действующая компания,Общая (ОСНО) Согласно данным ФНС за 2023 год,2022.0
6168064848,"ООО ""ПРАЙМ ЮГ""",Сведения недостоверны (результаты проверки достоверности содержащихся в ЕГРЮЛ сведений о юридическом лице),Общая (ОСНО) Согласно данным ФНС за 2023 год,2017.0
6154034586,"ООО ""УО ""ЦЕНТРАЛЬНАЯ""",Действующая компания,УСН Согласно данным ФНС за 2025 год,2024.0
6154561367,"ТСЖ ""ПРИМОРСКОЕ 2""",Действующая организация,Общая (ОСНО) Согласно данным ФНС за 2023 год,2024.0
6114009657,"ООО ""КОММУНАЛЬЩИК""",Действующая компания,УСН Согласно данным ФНС за 2025 год,2024.0
3448006530,"ОАО ""ВГСЗ""","Юридическое лицо ликвидировано 30 сентября 2024 года
Прекращение деятельности юридического лица в связи с его ликвидацией на основании определения арбитражного суда о завершении конкурсного производства",,2024.0
7452102113,"ООО ""ПО ЮУЭМ""","Юридическое лицо ликвидировано 13 января 2025 года
Исключение из ЕГРЮЛ юридического лица в связи наличием в ЕГРЮЛ сведений о нем, в отношении которых внесена запись о недостоверности",,2020.0
6164248192,"ООО ""РЕАЛЬНЫЙ МИР""",Сведения недостоверны (результаты проверки достоверности содержащихся в ЕГРЮЛ сведений о юридическом лице),УСН Согласно данным ФНС за 2025 год,2020.0
6154087919,"ООО ""ЖКХ ""ЮЖНОЕ""","Юридическое лицо ликвидировано 4 октября 2024 года
Исключение из ЕГРЮЛ юридического лица в связи наличием в ЕГРЮЛ сведений о нем, в отношении которых внесена запись о недостоверности",,2023.0
6161065458,"ООО ""УК ""ЮЖНАЯ СТОЛИЦА""",Действующая компания,УСН Согласно данным ФНС за 2025 год,2022.0
6168057456,"ООО ""ЮЖНАЯ УПРАВЛЯЮЩАЯ КОМПАНИЯ""",Сведения недостоверны (результаты проверки достоверности содержащихся в ЕГРЮЛ сведений о юридическом лице),УСН Согласно данным ФНС за 2025 год,2022.0
6102023880,"ООО ""УК ""ЩЕПКИНО""",Сведения недостоверны (результаты проверки достоверности содержащихся в ЕГРЮЛ сведений о юридическом лице),Общая (ОСНО) Согласно данным ФНС за 2023 год,2016.0
6143075118,"ООО УК ""МЕРКУРИЙ""",Действующая компания,УСН Согласно данным ФНС за 2025 год,2022.0
6151018360,"СНТ ""ЯГОДКА""",Действующая организация,Общая (ОСНО) Согласно данным ФНС за 2023 год,2023.0
6155078755,"ООО ""ИАНТА""",Действующая компания,УСН Согласно данным ФНС за 2025 год,2020.0
616204827956,,,,
6163152385,"ООО ""ЭНЕРГОБАЛАНС""",Сведения недостоверны (результаты проверки достоверности содержащихся в ЕГРЮЛ сведений о юридическом лице),УСН Согласно данным ФНС за 2025 год,2022.0
6163154167,"ООО УО ""АРСЕНАЛ""","Юридическое лицо ликвидировано 2 июня 2025 года
Прекращение деятельности юридического лица в связи с его ликвидацией на основании определения арбитражного суда о завершении конкурсного производства",,2024.0
6165217133,"ООО УК ""МУЗА""",Действующая компания,УСН Согласно данным ФНС за 2025 год,2023.0
6165217158,"ООО УК ""ГЕФЕСТ""",Действующая компания,УСН Согласно данным ФНС за 2025 год,2022.0
6167096572,"ООО ""УК ЖКХ ""РОСТОВ-ЦЕНТР""",,,
6201003179,"МКП ""ЖКХ ЕРМИШИНСКОЕ""",Действующая компания,Общая (ОСНО) Согласно данным ФНС за 2023 год,2024.0
6212002949,"МКП ""ЖКХ ПУТЯТИНСКОЕ""",Действующая компания,Общая (ОСНО) Согласно данным ФНС за 2023 год,2024.0
6216002210,"МКП ""САПОЖКОВСКОЕ ЖКХ""",Действующая компания,Общая (ОСНО) Согласно данным ФНС за 2023 год,2024.0
6217007362,"МКП ""УХОЛОВСКИЙ КОММУНАЛЬЩИК"" УХОЛОВСКОГО МУНИЦИПАЛЬНОГО РАЙОНА",Действующая компания,Общая (ОСНО) Согласно данным ФНС за 2023 год,2024.0
6223002475,"МКП ""ЖКХ ЧУЧКОВСКОЕ""",Действующая компания,Общая (ОСНО) Согласно данным ФНС за 2023 год,2024.0
6312166980,"ООО ""КОНСТАНТА-КАПИТАЛ""",Действующая компания,УСН Согласно данным ФНС за 2025 год,2019.0
6314030991,"ООО ""М.БИЗНЕС, ПРАВО""",Сведения недостоверны (результаты проверки достоверности содержащихся в ЕГРЮЛ сведений о юридическом лице),Общая (ОСНО) Согласно данным ФНС за 2023 год,2019.0
6315567468,"ООО ""ЖЭУ 110 ""А""""",Действующая компания,УСН Согласно данным ФНС за 2025 год,2023.0
1101159381,"ООО ""ЖИЛОБСЛУЖИВАНИЕ""","Юридическое лицо ликвидировано 10 марта 2025 года
Исключение из ЕГРЮЛ юридического лица в связи наличием в ЕГРЮЛ сведений о нем, в отношении которых внесена запись о недостоверности",,2023.0
5918216796,"ООО ""УК""ВЫБОР""",Действующая компания,УСН Согласно данным ФНС за 2025 год,2024.0
6318033136,"ООО ""УК ""АЛЬЯНС ЖКС""","Юридическое лицо ликвидировано 27 апреля 2024 года
Исключение из ЕГРЮЛ юридического лица в связи наличием в ЕГРЮЛ сведений о нем, в отношении которых внесена запись о недостоверности",,2022.0
6451004400,"ЖК "" ОГОРОДНАЯ 91""",Действующая организация,Общая (ОСНО) Согласно данным ФНС за 2023 год,2024.0
6664052350,"ТСЖ ""ГАММА-1""",Действующая организация,Общая (ОСНО) Согласно данным ФНС за 2023 год,2024.0
7325095110,"ООО ""УК ""ДОБРЫЙ ДОМ""",Действующая компания,УСН Согласно данным ФНС за 2025 год,2024.0
7704512304,"ООО ""СТРОЙКАБ""",Действующая компания,Общая (ОСНО) Согласно данным ФНС за 2023 год,2018.0
6321138844,"ЖСК ""ЖАСМИН-ДОМ""",Действующая организация,Общая (ОСНО) Согласно данным ФНС за 2023 год,
6382018230,"ООО ""АВТО ХОЛДИНГ СЕРВИС""",,,
6325076074,"МАУ СЕЛЬСКОГО ПОСЕЛЕНИЯ ЧЕКАЛИНО ""БЛАГОУСТРОЙСТВО""",Действующая организация,Общая (ОСНО) Согласно данным ФНС за 2023 год,
3444260616,"ООО ""ВОЛГАЛАЙТ""",Сведения недостоверны (результаты проверки достоверности содержащихся в ЕГРЮЛ сведений о юридическом лице),Общая (ОСНО) Согласно данным ФНС за 2023 год,2024.0
6434015265,"МУП ""КОМФОРТНЫЙ ГОРОД""",,,
6440016845,"ТСЖ ""НЕФТЯНИК""",Сведения недостоверны (заявление физического лица о недостоверности сведений о нем),Общая (ОСНО) Согласно данным ФНС за 2023 год,2023.0
6440033329,"ООО УК ""ПИЛОТ""",Действующая компания,УСН Согласно данным ФНС за 2025 год,2024.0
6440036182,"ООО ""ОСК""",,,
6450083262,"ООО ""УК СФЕРА ЮБИЛЕЙНЫЙ""",Действующая компания,УСН Согласно данным ФНС за 2025 год,2022.0
6451421980,"ООО ""УК БЕРЕЖ""",Действующая компания,УСН Согласно данным ФНС за 2025 год,2024.0
5612066550,"ООО ""ФАБРИКА""",Действующая компания,УСН Согласно данным ФНС за 2025 год,2024.0
6315642179,"ООО ""СК""",Сведения недостоверны (результаты проверки достоверности содержащихся в ЕГРЮЛ сведений о юридическом лице),Общая (ОСНО) Согласно данным ФНС за 2023 год,2024.0
6324023834,"ООО ""ПСК""",Действующая компания,Общая (ОСНО) Согласно данным ФНС за 2023 год,2024.0
6451400387,"ООО ""АГРАРИЙ""",Действующая компания,УСН Согласно данным ФНС за 2025 год,2023.0
6434011239,"МУП ""САДОВСКОЕ ЖКХ""","Юридическое лицо ликвидировано 11 апреля 2025 года
Ликвидация юридического лица",,2018.0
6454115740,"ООО ""ДУК""",Действующая компания,УСН Согласно данным ФНС за 2025 год,2023.0
6503013790,"ООО ""УПРАВЛЯЮЩАЯ КОМПАНИЯ""",Действующая компания,УСН Согласно данным ФНС за 2025 год,2024.0
6505010932,"МУП ""ГУК""",,,
6501255875,"ООО ""СТРОИТЕЛЬНОЕ ДЕЛО""",Сведения недостоверны (результаты проверки достоверности содержащихся в ЕГРЮЛ сведений о юридическом лице),УСН Согласно данным ФНС за 2025 год,2022.0
6674340117,"ТСЖ ""ШАБРОВСКИЙ""",Действующая организация,Общая (ОСНО) Согласно данным ФНС за 2023 год,2020.0
7204177672,"ООО ""ИТЦ ""ЗАПСИБГИДРОПРОМ""",Действующая компания,УСН Согласно данным ФНС за 2025 год,2024.0
6685059067,"ООО ""АБСОЛЮТ""",Действующая компания,Общая (ОСНО) Согласно данным ФНС за 2023 год,2022.0
6658028165,"ООО ""БИПЛАСТ""",Сведения недостоверны (результаты проверки достоверности содержащихся в ЕГРЮЛ сведений о юридическом лице),УСН Согласно данным ФНС за 2025 год,2023.0
6678113958,"ООО ""УРАЛ ЛЕСФОРВАРД""",Действующая компания,Общая (ОСНО) Согласно данным ФНС за 2023 год,2023.0
6659127867,"ООО ""СТРОЙМАКСИМУМ""",Действующая компания,УСН Согласно данным ФНС за 2025 год,2024.0
5911074197,"МУП ""КЛЮЧИ 2015""",Действующая компания,Общая (ОСНО) Согласно данным ФНС за 2023 год,2024.0
5912002653,"МУП ""ВОДОКАНАЛ""",Действующая компания,Общая (ОСНО) Согласно данным ФНС за 2023 год,2024.0
7430014840,"ООО ""Е Р В""",Сведения недостоверны (результаты проверки достоверности содержащихся в ЕГРЮЛ сведений о юридическом лице),УСН Согласно данным ФНС за 2025 год,2022.0
6658164094,"ТСЖ ""ОПАЛИХИНСКАЯ, 16""",Действующая организация,Общая (ОСНО) Согласно данным ФНС за 2023 год,2022.0
6454109306,"ООО ""САРПРОММЕТ""",Действующая компания,Общая (ОСНО) Согласно данным ФНС за 2023 год,2022.0
6732071346,"ООО ""ЖИЛИЩНО-ЭКСПЛУАТАЦИОННОЕ ОБЪЕДИНЕНИЕ-21""",Действующая компания,УСН Согласно данным ФНС за 2025 год,2024.0
3662287791,"ООО ""ИНТЭКО""",Сведения недостоверны (результаты проверки достоверности содержащихся в ЕГРЮЛ сведений о юридическом лице),УСН Согласно данным ФНС за 2025 год,2022.0
6800002784,"ООО ""ТЕПЛО ПЛЮС""",Действующая компания,Общая (ОСНО) Согласно данным ФНС за 2023 год,2024.0
6812007628,"ООО ""УК""ОЧАГ""",Действующая компания,УСН Согласно данным ФНС за 2025 год,2023.0
6812007635,"ООО ""ПТЭК""",Действующая компания,Общая (ОСНО) Согласно данным ФНС за 2023 год,
6829096464,"ООО ""УК СОВРЕМЕННИК""",Действующая компания,УСН Согласно данным ФНС за 2025 год,2024.0
6908015355,"МУП ""ВЖКХ""",Действующая компания,Общая (ОСНО) Согласно данным ФНС за 2023 год,2024.0
6922004517,"ООО ""РСУ""",Действующая компания,УСН Согласно данным ФНС за 2025 год,2024.0
6944007374,"ООО ""УО ИНВЕСТТРЕЙД""",Действующая компания,УСН Согласно данным ФНС за 2025 год,2024.0
6949009086,"МУП ""СУХОВЕРКОВО""","Юридическое лицо ликвидировано 24 февраля 2025 года
Исключение из ЕГРЮЛ юридического лица в связи с невозможностью его ликвидации",,2019.0
6952024430,"ООО ""ГЕЛИОС""",Действующая компания,Общая (ОСНО) Согласно данным ФНС за 2023 год,2024.0
6950238690,"ООО УК ""ДОМОВЛАДЕЛЕЦ-Т""",Действующая компания,УСН Согласно данным ФНС за 2025 год,2022.0
6922004556,"ООО ""КС""",Действующая компания,УСН Согласно данным ФНС за 2025 год,2024.0
6950182222,"ООО ""ДК ПАЛЛАДА""",Действующая компания,УСН Согласно данным ФНС за 2025 год,2022.0
7017353818,"ООО ""ЭНЕРГОСТРОЙ СИБИРИ""",Действующая компания,Общая (ОСНО) Согласно данным ФНС за 2023 год,2022.0
7017388793,"ООО ""ДИСПЕТЧЕР""",Действующая компания,УСН Согласно данным ФНС за 2025 год,2024.0
7017117095,"ЖСК ""ФОРУМ-2005""",Действующая организация,Общая (ОСНО) Согласно данным ФНС за 2023 год,2024.0
4025435138,"ОАО ФИРМА ""РЭМС""",Действующая компания,Общая (ОСНО) Согласно данным ФНС за 2023 год,2021.0
7107552423,"ООО ""АСТЕК""",Действующая компания,УСН Согласно данным ФНС за 2025 год,2023.0
7111504782,"МКП ""АРЦКО""",Действующая компания,Общая (ОСНО) Согласно данным ФНС за 2023 год,2024.0
7112028381,"МКП ""ВОДОКАНАЛИЗАЦИОННОЕ ХОЗЯЙСТВО""",Действующая компания,Общая (ОСНО) Согласно данным ФНС за 2023 год,2024.0
7114022723,"ООО УК ""ДЕЗ""",Действующая компания,УСН Согласно данным ФНС за 2025 год,2024.0
7114022770,"ООО ""СЕВЕРО-ЗАДОНСКИЙ ВОДОКАНАЛ""",Действующая компания,УСН Согласно данным ФНС за 2025 год,2022.0
7117029639,"ООО УК ""СОЗЫВ""",Действующая компания,УСН Согласно данным ФНС за 2025 год,2024.0
7118507341,"МКП ""КРАПИВЕНСКОЕ ЖКХ ЩЕКИНСКОГО РАЙОНА""",Действующая компания,Общая (ОСНО) Согласно данным ФНС за 2023 год,2024.0
4205365232,"ООО ""ДОКТОР - БАРС""",Действующая компания,УСН Согласно данным ФНС за 2025 год,2022.0
5503148323,"ООО ""КОМПАНИЯ АКВАСИСТЕМ""",Сведения недостоверны (результаты проверки достоверности содержащихся в ЕГРЮЛ сведений о юридическом лице),Общая (ОСНО) Согласно данным ФНС за 2023 год,2019.0
7111021591,"ООО ""СТАНДАРТ""",Действующая компания,Общая (ОСНО) Согласно данным ФНС за 2023 год,2019.0
7111017588,"ООО ""ЦЕНТР""",Действующая компания,УСН Согласно данным ФНС за 2025 год,2023.0
7118507380,"ООО ""АББЕКС""",Действующая компания,Общая (ОСНО) Согласно данным ФНС за 2023 год,2024.0
7438021952,"ООО ""СТРИМЕР""","Юридическое лицо ликвидировано 27 мая 2024 года
Исключение из ЕГРЮЛ недействующего юридического лица",,2021.0
8904078608,"ООО ""АЛЬЯНС-КОНСАЛТИНГ""",Действующая компания,Общая (ОСНО) Согласно данным ФНС за 2023 год,2019.0
7453323010,"ООО СК ""АБСОЛЮТНЫЕ СИСТЕМЫ""",Сведения недостоверны (результаты проверки достоверности содержащихся в ЕГРЮЛ сведений о юридическом лице),Общая (ОСНО) Согласно данным ФНС за 2023 год,2021.0
7327041840,"ООО ""ЗАПАД""",,,
2462213021,"ООО ""К-ЛИДЕР""","Юридическое лицо ликвидировано 4 октября 2024 года
Исключение из ЕГРЮЛ юридического лица в связи наличием в ЕГРЮЛ сведений о нем, в отношении которых внесена запись о недостоверности",,2015.0
7326037993,"ТСЖ ""КЕДР""",Действующая организация,Общая (ОСНО) Согласно данным ФНС за 2023 год,2024.0
7329015250,"ООО ""ВОЛГА""",Действующая компания,УСН Согласно данным ФНС за 2025 год,2024.0
7327073070,"ООО ""КАПИТАЛПРОЕКТ""",Действующая компания,УСН Согласно данным ФНС за 2025 год,2023.0
7308005438,"МУП ""СПЕШНЕВСКОЕ ЖКХ""",Действующая компания,Общая (ОСНО) Согласно данным ФНС за 2023 год,2022.0
7309906315,"МУП ЖКХ ""АННЕНКОВСКОЕ""",,,
7309906322,"МУП ЖКХ ""ГИМОВСКОЕ""","Юридическое лицо ликвидировано 15 сентября 2023 года
Прекращение деятельности юридического лица путем реорганизации в форме присоединения",,2022.0
7321006945,"МКП ""ЦИЛЬНА""",Действующая компания,Общая (ОСНО) Согласно данным ФНС за 2023 год,2024.0
7321318528,"МКП ""КОМБЫТСЕРВИС""МО ""ЦИЛЬНИНСКИЙ РАЙОН"" УЛЬЯНОВСКОЙ ОБЛАСТИ",Действующая компания,Общая (ОСНО) Согласно данным ФНС за 2023 год,2024.0
7325163071,"ООО ""УК ЗВЕЗДА""",Действующая компания,УСН Согласно данным ФНС за 2025 год,2024.0
7404042129,"ООО УК ""ДОМ СЕРВИС""",Действующая компания,УСН Согласно данным ФНС за 2025 год,2020.0
7430036058,"ООО ""ГУД ИНЖИНИРИНГ""",Действующая компания,Общая (ОСНО) Согласно данным ФНС за 2023 год,2022.0
7424011915,"ООО ""БИЛОН СМ""",Действующая компания,УСН Согласно данным ФНС за 2025 год,2024.0
7459006465,"ООО ""МКС""",Действующая компания,Общая (ОСНО) Согласно данным ФНС за 2023 год,2024.0
7451330780,"ООО ""АКВАИНСТАЛ""",Действующая компания,Общая (ОСНО) Согласно данным ФНС за 2023 год,2024.0
7451374178,"ООО СК ""ИМПЕРИЯ""",Действующая компания,Общая (ОСНО) Согласно данным ФНС за 2023 год,2020.0
7451397947,"ООО ""КРИСТАЛЛ""",Действующая компания,Общая (ОСНО) Согласно данным ФНС за 2023 год,2021.0
7460023480,"ООО СК ""ПРОСПЕКТ 4""",Действующая компания,УСН Согласно данным ФНС за 2025 год,2024.0
7401008641,"ООО ""АШАЛЕС""",Действующая компания,УСН Согласно данным ФНС за 2025 год,
7449057848,"ООО ""АМЕТИСТ""",Действующая компания,УСН Согласно данным ФНС за 2025 год,2021.0
7453161993,"ООО ПРОИЗВОДСТВЕННО-КОММЕРЧЕСКАЯ КОМПАНИЯ ""ГЛОБАЛ""",Сведения недостоверны (результаты проверки достоверности содержащихся в ЕГРЮЛ сведений о юридическом лице),Общая (ОСНО) Согласно данным ФНС за 2023 год,2019.0
7536144769,"ООО ""ЗАБАЙКАЛФАСАД""","Юридическое лицо ликвидировано 5 мая 2025 года
Исключение из ЕГРЮЛ юридического лица в связи наличием в ЕГРЮЛ сведений о нем, в отношении которых внесена запись о недостоверности",,2019.0
7524018664,"ООО ""АВАНГАРД ПЛЮС""",Действующая компания,УСН Согласно данным ФНС за 2025 год,2023.0
7528005264,"ООО ""РЕМИУС""",Действующая компания,УСН Согласно данным ФНС за 2025 год,2024.0
7536037171,"ТСН №122 ""КЛИН""",Действующая организация,Общая (ОСНО) Согласно данным ФНС за 2023 год,2021.0
7536117500,"СНТ ""СОЛНЕЧНАЯ ПОЛЯНА 124""",Действующая организация,Общая (ОСНО) Согласно данным ФНС за 2023 год,2020.0
7536169629,"ООО ""АЗИМУТ-А""",Действующая компания,УСН Согласно данным ФНС за 2025 год,2024.0
7537007807,"СНТ №96 ""ЭДЕЛЬВЕЙС""",Действующая организация,Общая (ОСНО) Согласно данным ФНС за 2023 год,2024.0
7731444999,"ООО ""АТЛАС-М""",Действующая компания,Общая (ОСНО) Согласно данным ФНС за 2023 год,2021.0
2901288941,"ООО ""УК ""ОБЛИК""","Юридическое лицо ликвидировано 2 ноября 2024 года
Прекращение деятельности юридического лица в связи с его ликвидацией на основании определения арбитражного суда о завершении конкурсного производства",,2021.0
7604239122,"ООО СЗ ""АЛЬЯНС-СТРОЙ""",Сведения недостоверны (результаты проверки достоверности содержащихся в ЕГРЮЛ сведений о юридическом лице),Общая (ОСНО) Согласно данным ФНС за 2023 год,2019.0
7604137515,"ООО ""ТРИА-СТРОЙ""",Действующая компания,УСН Согласно данным ФНС за 2025 год,2018.0
7604301902,"ООО ""НОВАЯ ВОЛНА""",Действующая компания,УСН Согласно данным ФНС за 2025 год,2018.0
3525360658,"ООО ""БИЗНЕС СТАНДАРТ""",Действующая компания,Общая (ОСНО) Согласно данным ФНС за 2023 год,2024.0
7602136812,"ООО ""КТС""",Действующая компания,УСН Согласно данным ФНС за 2025 год,2021.0
7622013738,"ДНТ ""ПЕРЕСЛАВСКАЯ БЛАГОДАТЬ""",Сведения недостоверны (результаты проверки достоверности содержащихся в ЕГРЮЛ сведений о юридическом лице),Общая (ОСНО) Согласно данным ФНС за 2023 год,2022.0
6827022996,"ООО ""СТРОЙЭЛЕКТРОТРАНС""",Действующая компания,УСН Согласно данным ФНС за 2025 год,2024.0
7610081620,"ООО ""САВО ПЛЮС""",Действующая компания,Общая (ОСНО) Согласно данным ФНС за 2023 год,2023.0
3702163072,"ООО ""СОЮЗ ДК""",Действующая компания,Общая (ОСНО) Согласно данным ФНС за 2023 год,2020.0
6508009614,"ООО ""ЧАЙКА""",Действующая компания,Общая (ОСНО) Согласно данным ФНС за 2023 год,2020.0
1001346892,"АНО ""БЛАГОДАТЬ""",Действующая организация,Общая (ОСНО) Согласно данным ФНС за 2023 год,2021.0
2311300681,"ООО ""МОНОЛИТ СВМ""","Юридическое лицо ликвидировано 27 декабря 2024 года
Исключение из ЕГРЮЛ юридического лица в связи наличием в ЕГРЮЛ сведений о нем, в отношении которых внесена запись о недостоверности",,2021.0
6325040102,"СППК ""ИНТЕНСИВНЫЕ КОРМА""","Юридическое лицо ликвидировано 14 августа 2023 года
Исключение из ЕГРЮЛ недействующего юридического лица",,2018.0
5105008158,"МУП ""ЖКХ КИЛЬДИНСТРОЙ""",,,
5105032263,"МБУ ""СЕЗ МО Г. П. ВЕРХНЕТУЛОМСКИЙ""",Действующая организация,Общая (ОСНО) Согласно данным ФНС за 2023 год,
5105096940,"ООО ""М-СЕРВИС""",Действующая компания,УСН Согласно данным ФНС за 2025 год,2024.0
5190033770,"СНТ ""РОДНИКИ""",Действующая организация,Общая (ОСНО) Согласно данным ФНС за 2023 год,2024.0
5190039620,"ООО ""МУЖСК""",,,
5190083562,"ООО ""СЕВЖИЛСЕРВИС""",Действующая компания,Общая (ОСНО) Согласно данным ФНС за 2023 год,2024.0
5190173738,"ООО ""АРКТИКШЕЛЬФСЕРВИС""",Действующая компания,УСН Согласно данным ФНС за 2025 год,2022.0
6700019946,"ООО ""УЮТ67""",Действующая компания,,
6725032530,"ООО ""КОММУНАЛЬНЫЕ СИСТЕМЫ""",Сведения недостоверны (результаты проверки достоверности содержащихся в ЕГРЮЛ сведений о юридическом лице),УСН Согласно данным ФНС за 2025 год,2019.0
6725033332,"МУП ""ВОДОКАНАЛ""",Юридическое лицо находится в процессе реорганизации в форме преобразования,Общая (ОСНО) Согласно данным ФНС за 2023 год,2024.0
6726011067,"ООО ""НАШ ДОМ""",Действующая компания,УСН Согласно данным ФНС за 2025 год,2018.0
6908013453,"ООО УО ""БЕРЕЖОК""",Действующая компания,УСН Согласно данным ФНС за 2025 год,2023.0
6914018869,"ООО ""ЭКОГОРОД""",Действующая компания,УСН Согласно данным ФНС за 2025 год,2020.0
6918002549,"БЕЛЬСКОЕ МУП ""НОВАТОР""","Юридическое лицо ликвидировано 4 февраля 2025 года
Исключение из ЕГРЮЛ юридического лица в связи наличием в ЕГРЮЛ сведений о нем, в отношении которых внесена запись о недостоверности",,2022.0
6919003376,"МУП ""ВКС""",Действующая компания,Общая (ОСНО) Согласно данным ФНС за 2023 год,2022.0
6950113691,"МУП ""НА ЛЕВИТАНА""","Юридическое лицо ликвидировано 18 апреля 2024 года
Прекращение деятельности юридического лица в связи с его ликвидацией на основании определения арбитражного суда о завершении конкурсного производства",,2023.0
6950169197,"ООО УПРАВЛЯЮЩАЯ КОМПАНИЯ ""ТВЕРЦА""",Действующая компания,УСН Согласно данным ФНС за 2025 год,2022.0
6950194370,"ООО ""ДОМ""",Действующая компания,УСН Согласно данным ФНС за 2025 год,2022.0
4510029974,"ООО ""УК ""РЕСПЕКТ""",Действующая компания,УСН Согласно данным ФНС за 2025 год,2018.0
6684014803,"ООО ""ТД ""ШМЗ""",Действующая компания,Общая (ОСНО) Согласно данным ФНС за 2023 год,2022.0
8602657912,"ПСДСК ""ПОДВОДНИК""",Действующая организация,Общая (ОСНО) Согласно данным ФНС за 2023 год,2019.0
1657219256,"ООО ""БАСТИОН-СТРОЙ""",Действующая компания,УСН Согласно данным ФНС за 2025 год,2023.0
2502002196,"ЗАО ""ДЕМЕТРА""",Действующая компания,УСН Согласно данным ФНС за 2025 год,2019.0
6318044931,"АО ""МЕГАПОЛИС""","Юридическое лицо ликвидировано 16 июля 2024 года
Исключение из ЕГРЮЛ юридического лица в связи наличием в ЕГРЮЛ сведений о нем, в отношении которых внесена запись о недостоверности",,2022.0
7810029018,"АССОЦИАЦИЯ ""САДОВОДСТВО ""БАБИНО""",Действующая организация,Общая (ОСНО) Согласно данным ФНС за 2023 год,2023.0
7447193330,"ООО ""ОЛПИКО""",Действующая компания,Общая (ОСНО) Согласно данным ФНС за 2023 год,2019.0
7452121444,"ООО ""СНЕКЛАНДИЯ""",Действующая компания,Общая (ОСНО) Согласно данным ФНС за 2023 год,2022.0
7805496151,"ООО ""РИФ""",Действующая компания,Общая (ОСНО) Согласно данным ФНС за 2023 год,
7842127762,"ООО ""ШВЕЙНЫЙ СТАНДАРТ""",Действующая компания,УСН Согласно данным ФНС за 2025 год,2022.0
2511053542,"ООО ТК ""МАГИСТРАЛЬ""","Юридическое лицо ликвидировано 7 марта 2025 года
Исключение из ЕГРЮЛ юридического лица в связи наличием в ЕГРЮЛ сведений о нем, в отношении которых внесена запись о недостоверности",,2022.0
3525456374,"ООО ""ВУДТРАСТ""",Действующая компания,Общая (ОСНО) Согласно данным ФНС за 2023 год,2024.0
3811116812,"ООО ""ТД ""БАЙКАЛЛЕС""",Действующая компания,Общая (ОСНО) Согласно данным ФНС за 2023 год,2024.0
4345410012,"ООО ""ТУРФАН СИТИ""",Действующая компания,УСН Согласно данным ФНС за 2025 год,2024.0
6315644585,"ООО ""КУБ-А""","Юридическое лицо ликвидировано 4 июня 2025 года
Исключение из ЕГРЮЛ юридического лица в связи наличием в ЕГРЮЛ сведений о нем, в отношении которых внесена запись о недостоверности",,2019.0
6317132342,"ООО ""ОСК""",Действующая компания,Общая (ОСНО) Согласно данным ФНС за 2023 год,2024.0
6686016919,"ООО ""ПРОФИТ""",Действующая компания,УСН Согласно данным ФНС за 2025 год,2021.0
6324046359,"ООО ""ТД ЭТМ""",Сведения недостоверны (результаты проверки достоверности содержащихся в ЕГРЮЛ сведений о юридическом лице),Общая (ОСНО) Согласно данным ФНС за 2023 год,2017.0
6123002200,"ООО ""ЮЛИЯ""",Действующая компания,УСН Согласно данным ФНС за 2025 год,2017.0
2462067853,"ООО ""ЭКРА""","Юридическое лицо ликвидировано 21 июня 2024 года
Исключение из ЕГРЮЛ юридического лица в связи наличием в ЕГРЮЛ сведений о нем, в отношении которых внесена запись о недостоверности",,2021.0
7839038953,"ООО ""ТРИКОН""",Сведения недостоверны (результаты проверки достоверности содержащихся в ЕГРЮЛ сведений о юридическом лице),УСН Согласно данным ФНС за 2025 год,2022.0
1657092063,"ООО ""ТДСК""",Действующая компания,Общая (ОСНО) Согласно данным ФНС за 2023 год,2024.0
6234030788,"ООО ""СССР""",Действующая компания,Общая (ОСНО) Согласно данным ФНС за 2023 год,2024.0
6316144289,"ООО ""АВАНГАРД-ЛК""",Действующая компания,Общая (ОСНО) Согласно данным ФНС за 2023 год,2018.0
6671021641,"ООО ""ЛЕКС АВТО""",Действующая компания,УСН Согласно данным ФНС за 2025 год,2024.0
7810640315,"ООО ""ФОРСАЖ""",Действующая компания,Общая (ОСНО) Согласно данным ФНС за 2023 год,2019.0
7816557166,"ООО ""ВЕГА""",Действующая компания,Общая (ОСНО) Согласно данным ФНС за 2023 год,2020.0
5405026976,"ООО ""ТРАНСГРУЗ-НК""",,,
1652027328,"ООО ""ПАРТНЁР""","Юридическое лицо ликвидировано 13 декабря 2024 года
Исключение из ЕГРЮЛ недействующего юридического лица",,2021.0
5404439522,"ООО ""ОРГАНИЗАЦИЯ ТТН""",Действующая компания,Общая (ОСНО) Согласно данным ФНС за 2023 год,2021.0
6829108078,"ООО ""ДОСТЫК""","Юридическое лицо ликвидировано 9 апреля 2025 года
Исключение из ЕГРЮЛ юридического лица в связи наличием в ЕГРЮЛ сведений о нем, в отношении которых внесена запись о недостоверности",,2023.0
1001330250,"ООО ""ИНДУСТРИЯ М""",Сведения недостоверны (результаты проверки достоверности содержащихся в ЕГРЮЛ сведений о юридическом лице),Общая (ОСНО) Согласно данным ФНС за 2023 год,2024.0
3666016175,"ООО ФИРМА ""КРИСТАЛЛ""",Действующая компания,УСН Согласно данным ФНС за 2025 год,2024.0
5305007480,"ООО ""НОВОБЛСТРОЙ""",Действующая компания,УСН Согласно данным ФНС за 2025 год,2021.0
6027199426,"ООО ""ЭНЕРГОСЕРВИС""",Действующая компания,Общая (ОСНО) Согласно данным ФНС за 2023 год,2021.0
6163215035,"ООО ""АЛЬЯНС КОМПЛЕКТ""",Действующая компания,Общая (ОСНО) Согласно данным ФНС за 2023 год,2020.0
6143049809,НО ВФЖК,Действующая организация,Общая (ОСНО) Согласно данным ФНС за 2023 год,2020.0
6452116932,"ООО ""РСУ 15""",Действующая компания,Общая (ОСНО) Согласно данным ФНС за 2023 год,2022.0
1837007155,"ООО ""АЛЬФА - СТРОЙ""",Действующая компания,УСН Согласно данным ФНС за 2025 год,2013.0
9110005921,"ООО ""ЧП ""СТРОЙСТАНДАРТ ПЛЮС""",Действующая компания,Общая (ОСНО) Согласно данным ФНС за 2023 год,2018.0
2225140498,"ООО УК ""ИЗУМРУДНАЯ СТРАНА""",Сведения недостоверны (результаты проверки достоверности содержащихся в ЕГРЮЛ сведений о юридическом лице),Общая (ОСНО) Согласно данным ФНС за 2023 год,2014.0
6168058650,"ООО ""ФРУТИСТАЙЛ""",Действующая компания,Общая (ОСНО) Согласно данным ФНС за 2023 год,2019.0
7203340816,"ООО ""СИН""",Сведения недостоверны (результаты проверки достоверности содержащихся в ЕГРЮЛ сведений о юридическом лице),УСН Согласно данным ФНС за 2025 год,2021.0
7451421565,"ООО ""ДОРТЕХСТРОЙ""",Действующая компания,Общая (ОСНО) Согласно данным ФНС за 2023 год,2024.0
7810793167,"ООО ""СК ""МЕГА ПЛЮС""",Действующая компания,Общая (ОСНО) Согласно данным ФНС за 2023 год,2021.0
2723177444,"ООО ""ПРЕМИУМ""","Юридическое лицо ликвидировано 5 июля 2024 года
Ликвидация юридического лица",,2024.0
7841338320,"ООО ""НЕВСКИЙ ПРИЧАЛ""","Юридическое лицо ликвидировано 12 февраля 2025 года
Исключение из ЕГРЮЛ юридического лица в связи наличием в ЕГРЮЛ сведений о нем, в отношении которых внесена запись о недостоверности",,2015.0
5504247366,"ООО ""УК ""ПРЕМЬЕР""","Юридическое лицо ликвидировано 22 мая 2024 года
Исключение из ЕГРЮЛ юридического лица в связи наличием в ЕГРЮЛ сведений о нем, в отношении которых внесена запись о недостоверности",,2018.0
7606086560,"ООО АН ""76 РЕГИОН""",Действующая компания,УСН Согласно данным ФНС за 2025 год,2022.0
3328022057,"ООО ""МЕТАЛЛЭКСПЕРТ""",Действующая компания,Общая (ОСНО) Согласно данным ФНС за 2023 год,2022.0
6147040388,"ООО ""СТИПЛАЙН""",Действующая компания,УСН Согласно данным ФНС за 2025 год,2022.0
1650337910,"ООО ""ЛАТТЕ""",Действующая компания,УСН Согласно данным ФНС за 2025 год,2024.0
4212041101,"ООО ""СТРОЙМИР""",Действующая компания,УСН Согласно данным ФНС за 2025 год,2021.0
5235007959,"ООО ""ФЕНИКС""",Сведения недостоверны (результаты проверки достоверности содержащихся в ЕГРЮЛ сведений о юридическом лице),УСН Согласно данным ФНС за 2025 год,2023.0
5752076686,"ООО ""МАРИО""",Сведения недостоверны (результаты проверки достоверности содержащихся в ЕГРЮЛ сведений о юридическом лице),УСН Согласно данным ФНС за 2025 год,2021.0
7810587340,"ООО ""АПРЕЛЬ""",Действующая компания,УСН Согласно данным ФНС за 2025 год,2022.0
9102000670,"ООО ""ЮЛАНА""",Действующая компания,УСН Согласно данным ФНС за 2025 год,2021.0
6732071096,"ООО ""АТЛАНТ""",Действующая компания,Общая (ОСНО) Согласно данным ФНС за 2023 год,2021.0
7814418720,"ООО ""НОЙШТАДТ""",Действующая компания,Общая (ОСНО) Согласно данным ФНС за 2023 год,2024.0
7456040348,"ООО ""МЭС""",Действующая компания,Общая (ОСНО) Согласно данным ФНС за 2023 год,2024.0
7814772062,"ООО ""ГК ""ФАБРИКА """,Действующая компания,УСН Согласно данным ФНС за 2025 год,2022.0
7810571140,"ООО ""ПЕТРОЭНЕРГОКОМПЛЕКС""",Действующая компания,Общая (ОСНО) Согласно данным ФНС за 2023 год,2020.0
7841035815,"ООО ""НЗМК-МОНТАЖ""",Действующая компания,Общая (ОСНО) Согласно данным ФНС за 2023 год,2018.0
8612017189,"ООО ""МЕГАТЕК""",Действующая компания,Общая (ОСНО) Согласно данным ФНС за 2023 год,2024.0
7816375656,"ТСЖ ""ФРУНЗЕНСКОЕ""",Действующая организация,Общая (ОСНО) Согласно данным ФНС за 2023 год,2022.0
7816554630,"ООО ""УК ""ЯНТАРНОЕ""",Действующая компания,УСН Согласно данным ФНС за 2025 год,2024.0
7842122034,"ООО ""УК ""СЕВЕРНЫЙ ГОРОД""",Действующая компания,УСН Согласно данным ФНС за 2025 год,2022.0
7802055695,ЖСК-966,Действующая организация,Общая (ОСНО) Согласно данным ФНС за 2023 год,2023.0
7802058914,ЖСК-670,Действующая организация,Общая (ОСНО) Согласно данным ФНС за 2023 год,2022.0
7802639757,"ТСЖ ""СДК 4/1""",,,
7802668109,"ТСЖ(Н)""ТРИ АПЕЛЬСИНА К.2""",Действующая организация,Общая (ОСНО) Согласно данным ФНС за 2023 год,2022.0
7804526830,"ООО ""А&Е ""УК ""УЮТ""",Действующая компания,УСН Согласно данным ФНС за 2025 год,2020.0
7805084528,"ООО ""СОЗИДАНИЕ""",Действующая компания,УСН Согласно данным ФНС за 2025 год,2020.0
7806377291,"ТСЖ ""ЭЛЕКТРОПУЛЬТОВЕЦ""",Действующая организация,Общая (ОСНО) Согласно данным ФНС за 2023 год,2023.0
7811126769,"ТСЖ ""ОККЕРВИЛЬ-1""",Действующая организация,Общая (ОСНО) Согласно данным ФНС за 2023 год,2022.0
7814026353,ЖСК  №1398,Действующая организация,Общая (ОСНО) Согласно данным ФНС за 2023 год,2024.0
7814156634,"ТСЖ ""НОРД""",Действующая организация,Общая (ОСНО) Согласно данным ФНС за 2023 год,2024.0
7814373413,"ООО ""НОВЫЕ КОЛОМЯГИ""",Действующая компания,УСН Согласно данным ФНС за 2025 год,2022.0
7814413867,"ТСЖ ""ГЕОРГИЕВСКОЕ""",Действующая организация,Общая (ОСНО) Согласно данным ФНС за 2023 год,2022.0
7817315473,"ТСЖ ""ШКОЛЬНАЯ 14""",Сведения недостоверны (заявление физического лица о недостоверности сведений о нем),Общая (ОСНО) Согласно данным ФНС за 2023 год,2022.0
7802682209,"ООО ""АВТО-СОБ""",Сведения недостоверны (результаты проверки достоверности содержащихся в ЕГРЮЛ сведений о юридическом лице),Общая (ОСНО) Согласно данным ФНС за 2023 год,2021.0
7804421820,"ООО ""ТЕХНОСЕРВИС""",Действующая компания,Общая (ОСНО) Согласно данным ФНС за 2023 год,2020.0
7804592769,"ООО ""ЮРСИТИ""",Действующая компания,УСН Согласно данным ФНС за 2025 год,2021.0
7811151966,"ООО ""МОДЕРН-ПРОЕКТ""",Действующая компания,Общая (ОСНО) Согласно данным ФНС за 2023 год,2019.0
7842180734,"ООО ""ВИНГИС""",Действующая компания,УСН Согласно данным ФНС за 2025 год,
7203380103,"ООО ""УК ""АВАНГАРД""",Действующая компания,УСН Согласно данным ФНС за 2025 год,2024.0
7841015671,"ДНП ""СПУТНИК""",Действующая организация,Общая (ОСНО) Согласно данным ФНС за 2023 год,2022.0
7825127272,"ЗАО ""ПАРИ СЕРВИС-99""",Действующая компания,УСН Согласно данным ФНС за 2025 год,2023.0
7838398858,"ООО ""АЛЬЯНС""",Действующая компания,УСН Согласно данным ФНС за 2025 год,
7842509521,"ООО ""АВТОПОЛЕ""",Действующая компания,УСН Согласно данным ФНС за 2025 год,2014.0
7810401853,"ООО ""СМАРТ ПРОЕКТ""",Действующая компания,Общая (ОСНО) Согласно данным ФНС за 2023 год,2022.0
1001260451,"ООО ""НТУ""",Действующая компания,УСН Согласно данным ФНС за 2025 год,2021.0
7801255290,"ТСЖ ""МЕРКУРИЙ""",Действующая организация,Общая (ОСНО) Согласно данным ФНС за 2023 год,2021.0
7801412295,"ТСЖ ""БЕРИНГА 32/2""",Действующая организация,Общая (ОСНО) Согласно данным ФНС за 2023 год,
7801412626,"ТСЖ ""6 ЛИНИЯ 1/25""",Сведения недостоверны (результаты проверки достоверности содержащихся в ЕГРЮЛ сведений о юридическом лице),Общая (ОСНО) Согласно данным ФНС за 2023 год,2019.0
7838301425,"ООО ""СВ - КОНСАЛТ""",Действующая компания,Общая (ОСНО) Согласно данным ФНС за 2023 год,2024.0
4710028294,"ДНП ""ВРЕВСКОЕ""",Действующая организация,Общая (ОСНО) Согласно данным ФНС за 2023 год,2021.0
7816736750,"АО ""САЛОЛИН""",Действующая компания,УСН Согласно данным ФНС за 2025 год,2024.0
7813256386,"ООО ""ЯСНЫЙ ПУТЬ""",Действующая компания,Общая (ОСНО) Согласно данным ФНС за 2023 год,2021.0
2721222109,"ООО ""РЕСАКТИВ""",Действующая компания,УСН Согласно данным ФНС за 2025 год,2021.0
2983009787,"ООО УК ""ПОК И ТС""",Действующая компания,Общая (ОСНО) Согласно данным ФНС за 2023 год,2024.0
2983010133,"ООО ""АВРОРА""",Действующая компания,УСН Согласно данным ФНС за 2025 год,2022.0
8602163470,"РОО ""ДНКЦ В ХМАО-ЮГРЕ""",Действующая организация,Общая (ОСНО) Согласно данным ФНС за 2023 год,2013.0
3257016752,"ООО ""УК ЧИСТЫЙ ДВОР""",Действующая компания,УСН Согласно данным ФНС за 2025 год,2023.0
3257018171,"ООО ""ФЕНИКС""",Действующая компания,УСН Согласно данным ФНС за 2025 год,2022.0
7327088888,"ООО ""НТС""",Действующая компания,Общая (ОСНО) Согласно данным ФНС за 2023 год,
5835102403,"ООО ""ПЗЭМ""",Действующая компания,УСН Согласно данным ФНС за 2025 год,2024.0
7718724605,"ООО ""КАТЭК-М""",Действующая компания,Общая (ОСНО) Согласно данным ФНС за 2023 год,2021.0
8604028613,"ООО ""МСХ""",Действующая компания,Общая (ОСНО) Согласно данным ФНС за 2023 год,2024.0
6670125133,"ЖСК ""СЕВЕРНЫЙ""",Действующая организация,Общая (ОСНО) Согласно данным ФНС за 2023 год,
8614007066,"ООО ""КОДАРЫБПРОМ""",Действующая компания,УСН Согласно данным ФНС за 2025 год,2019.0
8903003303,"ГСК ""РУСАЛОЧКА""",Действующая организация,Общая (ОСНО) Согласно данным ФНС за 2023 год,2024.0
8903004956,"ГСК ""ПРОГРЕСС""",Действующая организация,Общая (ОСНО) Согласно данным ФНС за 2023 год,2024.0
8903021535,"ГСК ""ВОЛГА""",Действующая организация,Общая (ОСНО) Согласно данным ФНС за 2023 год,2024.0
8903021944,"ГСК ""ХАРЛЕЙ""",Сведения недостоверны (результаты проверки достоверности содержащихся в ЕГРЮЛ сведений о юридическом лице),Общая (ОСНО) Согласно данным ФНС за 2023 год,2018.0
8903030917,"ГСК ""ГРАДОСТРОИТЕЛЬ""",Действующая организация,Общая (ОСНО) Согласно данным ФНС за 2023 год,2017.0
8903035961,"ООО ""НАДЫМНЕФТЕПРОДУКТ""",Действующая компания,УСН Согласно данным ФНС за 2025 год,2022.0
8904072892,"ООО ""ТАЙГА""",Действующая компания,УСН Согласно данным ФНС за 2025 год,2021.0
7203415518,"ООО ""ИМПУЛЬССТРОЙТОРГ""",Действующая компания,Общая (ОСНО) Согласно данным ФНС за 2023 год,2024.0
6164110405,"ООО ""СТАНДАРТ КОНСТРАКШН""",Действующая компания,УСН Согласно данным ФНС за 2025 год,2024.0
9111021404,"ООО ""ЮГСТРОЙПОСТАВКА""",Действующая компания,Общая (ОСНО) Согласно данным ФНС за 2023 год,2017.0
9102069329,"ООО ""ОБЪЕДИНЕНИЕ ТРАНС-КОНТИНЕНТАЛЬ +""",Действующая компания,Общая (ОСНО) Согласно данным ФНС за 2023 год,2024.0
9102247765,"ООО ""ИССП""",Действующая компания,УСН Согласно данным ФНС за 2025 год,2021.0
9109007480,"ООО ""КТЭМ 2004""",Действующая компания,Общая (ОСНО) Согласно данным ФНС за 2023 год,2021.0
9108109306,"ООО ""ДИЗАЙН СТРОЙ""","Юридическое лицо ликвидировано 28 февраля 2025 года
Исключение из ЕГРЮЛ юридического лица в связи наличием в ЕГРЮЛ сведений о нем, в отношении которых внесена запись о недостоверности",,2020.0
9102248134,"ООО ""КРЫМ СЕВГАЗСТРОЙ""",Действующая компания,Общая (ОСНО) Согласно данным ФНС за 2023 год,2020.0
9105011870,"ООО ""СК ""КРЫМ""","Юридическое лицо ликвидировано 21 февраля 2025 года
Исключение из ЕГРЮЛ юридического лица в связи наличием в ЕГРЮЛ сведений о нем, в отношении которых внесена запись о недостоверности",,2018.0
9111003606,"ООО ""ТРАСТ-АГЕНТ""",Действующая компания,УСН Согласно данным ФНС за 2025 год,2022.0
9102209390,"ООО ""КОНТУР""",Сведения недостоверны (результаты проверки достоверности содержащихся в ЕГРЮЛ сведений о юридическом лице),Общая (ОСНО) Согласно данным ФНС за 2023 год,2021.0
9203001045,"ООО ""ЮГЖИЛСЕРВИС""",Действующая компания,УСН Согласно данным ФНС за 2025 год,2018.0
9204509561,"ООО ""20МЕТРОВ""",Действующая компания,УСН Согласно данным ФНС за 2025 год,2018.0
9203003268,"ООО ""МОРСЕВТОРГ ИНВЕСТ""",Действующая компания,УСН Согласно данным ФНС за 2025 год,2020.0
9203537090,"ООО ""АКВАЛЬ""",Действующая компания,УСН Согласно данным ФНС за 2025 год,2024.0
9204007018,"ООО ""ОМЕГА-НВ""",Действующая компания,Общая (ОСНО) Согласно данным ФНС за 2023 год,2020.0
3123293970,"ООО ""ТЕХНОДОРПРОЕКТ""",Действующая компания,УСН Согласно данным ФНС за 2025 год,2024.0
7842512771,"ООО ""ЭСП""",Сведения недостоверны (результаты проверки достоверности содержащихся в ЕГРЮЛ сведений о юридическом лице),Общая (ОСНО) Согласно данным ФНС за 2023 год,2021.0
9203546497,"ООО ""СТАНИЦА""",Действующая компания,УСН Согласно данным ФНС за 2025 год,2022.0
9304006314,"ООО ""ЭНЕРГОТОР""",Действующая компания,Общая (ОСНО) Согласно данным ФНС за 2023 год,2023.0
1121025749,"ООО ""МАКСИМУМ""",Действующая компания,УСН Согласно данным ФНС за 2025 год,2024.0
2130215956,"ООО ""РЕЗОТЕХ""",Сведения недостоверны (результаты проверки достоверности содержащихся в ЕГРЮЛ сведений о юридическом лице),Общая (ОСНО) Согласно данным ФНС за 2023 год,2020.0
2627027823,"ООО ""РУСИЧЪ""",Действующая компания,Общая (ОСНО) Согласно данным ФНС за 2023 год,
